,0,1
s02T1622,13.82559493518435,0.021020835951428132
s03T1622,1.851796297856388,0.12456558439170308
s04T1622,1.0448087906368313,0.10883210037699531
s05T1622,1.337508910453675,0.13151763073218944
s06T1622,1.3179360927502557,0.2645088232676238
s07T1622,53.01483145241698,0.0
s08T1622,0.751950653717565,0.02488499866882423
s09T1622,0.29119909425561086,0.03463459168781336
s10T1622,0.24863442072935157,0.03637910357361017
s11T1622,0.3511853181350289,0.056084536030434215
s12T1622,0.5918905306702803,0.1178494427073694
s13T1622,0.6999407336111839,0.24387692919497472
s14T1622,5.418723299547663,0.07192105916964862
s15T1622,19.052577671383442,0.0
s02M1722,1.9976953603261338,0.10164542906955593
s03M1722,2.507755509232358,0.13429141290623542
s04M1722,1.5471056613539285,0.1763303015337404
s05M1722,1.0396437372976486,0.15402054116885255
s06M1722,6.647551642484758,0.08696268355529219
s07M1722,32.325269866983426,0.0
s08M1722,0.14470258261485505,0.023825418909917656
s09M1722,2.1054195258183808,0.02796637342958572
s10M1722,0.3794649728315931,0.03334844655595965
s11M1722,1.1840665174920395,0.0324767606652234
s12M1722,0.820687187693067,0.04059291104626671
s13M1722,0.37391898098849013,0.044899487842140484
s14M1722,8.853423709796697,0.17463929400186168
s15M1722,35.4310205426305,0.0
s01X1722,45.966529554272796,0.0
s02T1722,3.9088343957143166,0.07601099152601469
s03T1722,4.57662904539161,0.1057520662897068
s04T1722,17.671810894383146,0.11229252050311524
s05T1722,4.076610043574356,0.18439083293879202
s06T1722,2.5488565163680086,0.33793933446427166
s07T1722,22.587936114906597,0.1405227803862374
s08T1722,0.183088981446952,0.0292178242020128
s09T1722,0.3657485964256427,0.03408312528044693
s10T1722,1.2912047165309233,0.02905718609093564
s11T1722,1.1402873731300835,0.02945392685155733
s12T1722,8.426197295529732,0.015835259710208927
s13T1722,0.7683055426392518,0.028957205981106994
s14T1722,41.659728334461505,0.0
s15T1722,15.644744028385213,0.07927565264213711
s02M1822,4.086429091157026,0.1515013733086482
s03M1822,5.285483556220037,0.11982427956909547
s04M1822,3.4009386072698113,0.14505803663872976
s05M1822,3.685317992058713,0.14598076963927714
s06M1822,2.4225066503303867,0.4044547017275929
s07M1822,0.840244590016127,0.07966688178388744
s08M1822,0.1629761735598393,0.0237462406767019
s09M1822,0.3621329375152603,0.034526527703522894
s10M1822,0.2931864413949377,0.031210783143862237
s11M1822,0.2755980121705153,0.04046335244707685
s12M1822,0.37435397024620515,0.04966734835088964
s13M1822,0.30049603669912167,0.06599026202533047
s14M1822,1.7429231161961811,0.5099140611575069
s15M1822,31.65171222803122,0.0
s01X1822,3.528066324289811,0.1828439728690241
s02T1822,4.291209900458929,0.12688085322510534
s03T1822,2.4526033976911097,0.08851140166956449
s04T1822,2.0090063796437057,0.17088653452961858
s05T1822,2.5431996000858943,0.19446082332089046
s06T1822,3.0385063908655785,0.26511118832601566
s07T1822,1.3745636708604152,0.1484857658318217
s08T1822,0.19111449644623435,0.027570871423297644
s09T1822,0.37065182306058064,0.023506127573572688
s10T1822,0.2838059946693254,0.020761862610886878
s11T1822,0.387991469985174,0.021784809140618644
s12T1822,0.4763218315288923,0.10596675018891863
s13T1822,0.8486568224963912,0.09341342867328635
s14T1822,0.7898726431508676,0.06955966540799718
s15T1822,2.40094814432467,0.11203623491561941
s02M1922,3.359235496009639,0.11538418328315012
s03M1922,1.6302880319930504,0.0974807966657075
s04M1922,3.9364810013151965,0.18487954751539962
s05M1922,2.57300707490236,0.17322184019766004
s06M1922,3.3952844480835487,0.17819892692541597
s07M1922,2.907691191457427,0.27692696587217697
s08M1922,0.18049549235952886,0.03250955910217205
s09M1922,0.18497444808346897,0.03325303205761238
s10M1922,0.18694331249996068,0.15163844560162165
s11M1922,0.18754208376594703,0.02482955587781352
s12M1922,0.817638706913442,0.04574061362155085
s13M1922,0.18252300820040637,0.03645595386360217
s14M1922,0.3557415549703602,0.27745643101646705
s15M1922,0.36906750356130985,0.09038728095032872
s01X1922,16.423703629766898,0.015745669276933976
s02T1922,2.7479079169024536,0.15736409584703603
s03T1922,2.84468822352058,0.15561063523703386
s04T1922,1.2581206736490083,0.22598390933589402
s05T1922,1.7797428864859197,0.174933128765085
s06T1922,1.6991908585802045,0.1661696141448063
s07T1922,1.5044874493848164,0.23839374479032988
s08T1922,0.10806539783147616,0.018603844558794425
s09T1922,0.4575496996449277,0.12645555745109863
s10T1922,0.49316287701549233,0.04395525170682093
s11T1922,35.459514050120134,0.0
s12T1922,42.243837076860785,0.0
s13T1922,1.5489902409565204,0.2078480105693446
s14T1922,27.906566129339392,0.07949273669304724
s15T1922,4.3477941568725695,0.15109710910714752
s02M2022,1.968283959448942,0.11033400984303804
s03M2022,1.5987689362218276,0.2162328318525114
s04M2022,1.0685259063375145,0.12067004348208495
s05M2022,2.0139484336482987,0.3958167758940436
s06M2022,2.1377212241967247,0.47086590331692996
s07M2022,1.4230735490946462,0.158024120771657
s08M2022,0.11881511334006223,0.024068788024457582
s09M2022,0.19453837540539853,0.03848849709556201
s10M2022,0.17713092991066223,0.047146792065984496
s11M2022,0.20697571376773966,0.0519080361846254
s12M2022,0.2841746594863958,0.06971887170436475
s13M2022,0.2706775303669262,0.04512160550126679
s14M2022,0.30107673565662957,0.11800865225537988
s15M2022,1.407461077261058,0.10221172980277896
s02T2022,1.916179752832685,0.18107383542058364
s03T2022,4.041288887373408,0.10600744244366343
s04T2022,25.61234997068798,0.0479111572593285
s05T2022,1.3395244964031292,0.14897193434000658
s06T2022,39.764475995747596,0.0
s07T2022,3.5040121957647354,0.18872601319406596
s08T2022,0.06383358107389298,0.012294805604019243
s09T2022,0.15604840369450043,0.05223404901315478
s10T2022,0.4482617585532627,0.06360778633863674
s11T2022,0.6424818602888397,0.0738399792041455
s12T2022,0.435095944434882,0.20030056788674067
s13T2022,0.9033499410703897,0.37958402370969624
s14T2022,0.7885979956134535,0.14951810508383487
s15T2022,10.882104784309213,0.12244920473258734
s02M2122,1.7626186717682915,0.10390946108444711
s03M2122,1.3492885770673588,0.1360416319313217
s04M2122,1.2641092491679868,0.1469280701186124
s05M2122,1.7041663395109066,0.2227536251934274
s06M2122,1.3878892251526838,0.15635703046066984
s07M2122,1.466475677811635,0.13557545097861598
s08M2122,0.07101248319745834,0.013055546903075334
s09M2122,0.1458856988474593,0.0919725211365181
s10M2122,0.31299745638119747,0.11158735541031742
s11M2122,0.3918007925448461,0.07372700180657366
s12M2122,0.22330039365384122,0.10915399013894288
s13M2122,0.3172207886682897,0.08446022883274923
s14M2122,0.7281947481923952,0.1489049705855953
s15M2122,1.0462241501421947,0.05888983528228515
s01X2122,1.3132087951270945,0.18353290497329647
s02T2122,2.9770368965464167,0.22054286892384875
s03T2122,1.2222502753196953,0.14038887983747034
s04T2122,1.3833951504364654,0.2396461442801882
s05T2122,1.9522584597111634,0.14874904301123495
s06T2122,1.139917777568358,0.219171864237103
s07T2122,2.23829208143371,0.6216357814563115
s09T2122,0.6417365843616444,0.0853354464175511
s11T2122,0.7459333915772451,0.22662079394520543
s12T2122,0.7932683280254577,0.29275945718386454
s13T2122,0.8275514553578786,0.19155931534649562
s14T2122,0.8616719350632859,0.2161735163518449
s15T2122,4.27976125114227,0.19742535954926027
s02M2222,1.882940610206324,0.10009259672067972
s03M2222,1.4350755252219558,0.15567846352305476
s04M2222,1.3524884235702923,0.19802532407772483
s05M2222,2.1943362001763784,0.18492979803211884
s06M2222,2.465734194422435,0.6314335356343459
s07M2222,1.0222503088370654,0.21370341647226102
s08M2222,0.042585868228048405,0.006722495704012046
s09M2222,0.24415552464926793,0.08918355890435949
s10M2222,0.36151660792383467,0.12165630495815741
s11M2222,0.5117580045687511,0.08453222737280361
s12M2222,0.577934759929439,0.0803373981653737
s13M2222,0.27897611763995134,0.14520845524245518
s15M2222,0.928004188531427,0.08773861319995013
s01X2222,1.4005854453126234,0.07886221122229226
s02T2222,2.346573226783853,0.3674096788150648
s03T2222,2.2147048789289006,0.176935007560589
s04T2222,2.0517677579870215,0.402992007696956
s05T2222,2.022130653709367,0.17339064212554964
s06T2222,2.05513244422627,0.2336510758061452
s07T2222,1.3183548766922706,0.29697585894023987
s08T2222,0.05574738149562791,0.01599970205066573
s09T2222,0.19112229376944653,0.30719160242572463
s10T2222,0.1367125275819895,0.14117080782317784
s11T2222,0.16515681089405365,0.11020507717316386
s12T2222,0.23861303232755549,0.1156351433416998
s13T2222,0.228595695106987,0.12646280196295137
s14T2222,0.7417014765463468,0.10003095277799462
s15T2222,0.35799539441927525,0.20447331727801596
s02M2322,1.8213565876366324,0.19269138458468293
s03M2322,1.4250882411697268,0.5429248500555401
s04M2322,2.1856802723172524,0.3006531583161078
s05M2322,1.900387005204959,0.5054290151367057
s06M2322,1.8769953694703512,0.4914113117466158
s07M2322,2.158726956211186,0.5711566254847142
s08M2322,0.08916297842570751,0.02442416155309106
s09M2322,0.23799003869760568,0.4492059864691682
s10M2322,0.26524128052912255,0.9455389392918531
s11M2322,0.3491263857341799,0.7325336061347532
s12M2322,0.22676748182488368,2.213136542923135
s13M2322,0.2270749671647024,2.6377296581699254
s14M2322,0.3305190959007588,0.6425557605647308
s15M2322,0.42482909213059694,0.28621388703222567
s01X2322,0.5749996442068342,0.6056900370620222
s02T2322,1.042194491017332,0.23905922060277365
s03T2322,1.4892895921403528,0.2965108639702753
s04T2322,0.9490535299026512,0.9566714383569185
s05T2322,1.8828854986158954,0.4345141893475672
s06T2322,1.5828677076589812,0.3136918052216787
s07T2322,0.7375236282224306,0.6197554936887945
s08T2322,0.05938120568816663,0.016920616789536148
s09T2322,0.7359875199412917,0.09019466899027963
s10T2322,0.5219820054949109,0.13259158815204392
s11T2322,1.3211977677858782,0.15318770819810584
s12T2322,1.6173892217098058,0.16340550438861737
s13T2322,0.5529201877148333,0.17497578930762514
s14T2322,2.1763584387500226,0.1987412107318685
s15T2322,0.7492787278263436,0.7971416711672075
s02M2422,0.8051272745500541,0.16382366051350095
s03M2422,1.0877597739029716,0.32745511594948923
s04M2422,1.7355614741267913,0.4034350852650958
s05M2422,2.0585722616801614,0.25344601190098776
s06M2422,1.5601254657592982,0.2766787431529561
s07M2422,0.8344449884974535,0.8549972489296959
s08M2422,0.1450150664631235,0.04774710839137048
s09M2422,0.14940253827600786,1.9973916359617852
s10M2422,0.2126648098809416,2.867843695401008
s11M2422,0.23198107023363104,3.301895130191599
s12M2422,0.32281626032473604,3.2985633937369565
s13M2422,0.307581827750839,3.1072277166257427
s14M2422,0.31036181091899984,1.178407332636817
s15M2422,0.4154692554225574,0.37161674514001847
s01X2422,0.6956084248367336,0.10798920116759544
s02T2422,0.9949512397167571,0.3091493902772615
s03T2422,1.136105013671647,0.5250747103948034
s04T2422,0.7796674774925832,0.29977043789295443
s05T2422,0.8643596086164197,0.387376812607886
s06T2422,1.0823310450735066,0.5077389227289812
s07T2422,0.7830084622018147,0.24948724092667038
s08T2422,0.13368137983702044,0.04221376122459504
s09T2422,0.2294189614850479,2.9842379773284557
s10T2422,0.31964232237982154,3.739331386868877
s11T2422,0.2318579193460193,3.528809817007417
s12T2422,0.2490975270433936,3.2104251161797284
s13T2422,0.21319881504723429,2.92321695616697
s14T2422,0.5418558804115301,1.3888242460259852
s15T2422,0.4273738004155237,1.2861330121419614
s02M2522,0.9600948855331589,0.28069132807111996
s03M2522,1.0409741282787264,0.3319514771665494
s04M2522,0.9014010462920906,2.1350254634778563
s05M2522,1.3488478157824983,0.5069603183809581
s06M2522,0.7450504521426558,0.3328438877652976
s07M2522,0.5335799370331842,0.5487984951918347
s08M2522,0.12247774661791035,0.044121489137962336
s09M2522,0.19759050813516907,2.714400947416681
s10M2522,0.10588456013180385,0.6625131239916446
s12M2522,0.18886741547271407,2.097635687446073
s13M2522,0.18459901070828277,1.1484769639647365
s14M2522,0.3722781584741411,0.7059342065169855
s15M2522,0.52213846991422,0.9300162740826132
s01X2522,0.6338717491600327,0.20046454202331834
s02T2522,0.29931591168873567,0.20360558358620168
s03T2522,1.0724199171477509,0.2306381312357842
s04T2522,0.970583171147762,0.33384086475612745
s05T2522,0.9275427176002141,0.29970983983075505
s06T2522,0.8212807732444154,0.2566177412893942
s07T2522,0.6116595314104505,0.2289003289286912
s08T2522,0.05263699545522288,0.04680691257983957
s09T2522,0.12498817731458801,1.2139117877842602
s10T2522,0.16948199778848635,0.4617088987114759
s11T2522,0.04740631225802443,0.21774124773033038
s12T2522,0.11990802578959624,0.17626201386569207
s13T2522,0.1959443116143119,0.1937427744261695
s14T2522,0.5430416172293662,0.20717285944065741
s15T2522,1.130802997264469,0.2851330775291543
s02M2622,0.3074374224175162,0.36987525794434495
s03M2622,0.48009414606592177,0.3202693650730562
s04M2622,1.016802188083849,0.4839700882065594
s05M2622,0.8127924768476079,0.30043250039711855
s06M2622,0.4149150386360171,0.35350149842239975
s07M2622,0.5396999393455918,0.53455107896316
s08M2622,0.021035674404039705,0.009954685319306126
s09M2622,0.05647166522021199,0.5527167609849761
s10M2622,0.014580863050269776,0.07589555861464382
s11M2622,0.1271835368493268,1.7444335490832494
s12M2622,0.11560423568920965,1.1349368781297953
s13M2622,0.06386355151396549,0.934067921587055
s14M2622,0.1287850544261298,0.6059351981533737
s15M2622,2.4884309727227314,0.2645474492319429
s01X2622,1.917137228338477,0.1959622028615508
s02T2622,0.5060645935987577,0.27396942733185076
s03T2622,0.7870981471340663,0.8178826992155271
s04T2622,0.8135088152878867,0.3000358601525701
s05T2622,0.9078929388823661,0.4035708370497519
s06T2622,0.5595350324458305,0.20004313206749538
s07T2622,0.9038975004045003,0.3857617500917429
s08T2622,0.003691290668806128,0.0024010380089519124
s09T2622,0.10109620805607457,1.4597709202993716
s10T2622,0.14480391568503648,1.9696423361540178
s11T2622,0.11188012616038537,1.7608384525700744
s12T2622,0.11059692648598012,1.631959405801443
s13T2622,0.11778384176212438,1.8570961259825705
s14T2622,0.13847655369395837,1.872949383911208
s15T2622,0.2887105494486239,1.0338714110104181
s02M2722,2.0548904671836703,0.21749414574327475
s03M2722,0.2504077687033866,0.10925882722440913
s04M2722,0.7628113853033328,0.20472010019531314
s05M2722,1.3824006326357976,0.3021464212538237
s06M2722,1.0051144265506613,0.38221752582544144
s07M2722,0.5240836830460412,0.5237944020098542
s08M2722,0.016958290609259057,0.00889406778371844
s09M2722,0.14654345558200654,1.8980407937403148
s10M2722,0.1512281281541776,1.9717224738294
s11M2722,0.15423886715062066,1.781231956310919
s12M2722,0.17243228695802507,1.623317458527832
s13M2722,0.17861979978239004,2.8365611284965992
s14M2722,0.4369706033562536,0.6358048870336318
s15M2722,0.3044600493200909,0.2432496846294841
s01X2722,0.3378703256644872,0.10020750193476922
s02T2722,0.507989062780217,0.1731011136319994
s03T2722,0.9814508877210837,0.3570517718738474
s04T2722,1.1736430125540613,0.28164004689280125
s05T2722,0.7707452465337474,0.20007211874711464
s06T2722,0.9622902626215217,0.24349362093494945
s07T2722,0.9938927178466299,0.545728389073525
s08T2722,0.09530162589065522,0.03134080401846441
s09T2722,0.17276475456977444,2.1530917792992774
s10T2722,0.14003491870201673,1.3537063879922706
s11T2722,0.07576314538922067,0.7449339609303894
s12T2722,0.16534458921519526,1.0691519310959194
s13T2722,0.2162891915907281,0.8260051275912996
s14T2722,0.3943612477056175,0.34946261824456787
s15T2722,0.3812614937178014,0.7757986709128281
s02M2822,2.560817762888966,0.4038336879282827
s03M2822,2.5219640314797505,0.3741558185258264
s04M2822,1.394496396537439,0.2241860173067903
s05M2822,0.8631898911404018,0.3400883949271845
s06M2822,0.39248003045594687,0.09474839214952314
s07M2822,0.6051022151077488,0.23206418260165898
s08M2822,0.03721870757979766,0.015291809906118213
s09M2822,0.1183665755338783,1.3376069096828023
s10M2822,0.02111948066517036,0.19483877687662354
s11M2822,0.04897228631235572,0.3796432147061699
s12M2822,0.2911935430462242,0.6952305958327504
s13M2822,0.5074439855714743,1.341335659112059
s14M2822,0.3101260808901457,0.5097025806158799
s15M2822,0.33565989382404454,1.0841068937463887
s01X2822,0.2740562964533267,0.17067395234914884
s02T2822,0.331798383669978,0.22656420190999507
s03T2822,1.3116270759017634,0.337375655215331
s04T2822,0.5879926871668729,0.23553812191237727
s05T2822,0.8189243941883345,0.3099383890486346
s06T2822,1.0247379531613061,0.1430682761874937
s07T2822,2.772940439434079,0.5485903599093253
s08T2822,0.03695258222380868,0.013321552066648432
s09T2822,0.03489562803649883,0.4236117535335029
s10T2822,0.10491146276736567,1.0992389112273941
s11T2822,0.1320273295267693,2.2045890559304953
s12T2822,0.14275756593786706,0.45892702552617376
s13T2822,0.17063879414568384,0.5814120660521478
s14T2822,0.34841698815382177,0.5307905498430809
s15T2822,0.269129435531536,0.700312358953169
s02M2922,0.48074170242158365,0.3436036880640148
s03M2922,1.8032518461191196,0.29551016602312846
s04M2922,1.388310348185048,0.3553385219440829
s05M2922,0.7497286297144713,0.39484266343095864
s06M2922,0.6170288564114159,0.4202665023033843
s07M2922,0.7154972447156777,0.3560344043594606
s08M2922,0.0305494882001972,0.011953969937184835
s09M2922,0.025594516787708913,0.2207868350933654
s10M2922,0.03810507824975629,0.17531803966079876
s11M2922,0.024080507294747096,0.15120901450077837
s12M2922,0.029573931803248105,0.1553376129024322
s13M2922,0.05367256757820856,0.24380870789471965
s14M2922,0.1415385598935233,0.3031134455500066
s15M2922,0.29228268758629966,0.9601773105242858
s01X2922,0.09317619031966588,0.14761104845631545
s02T2922,0.4593074134071657,0.3256762720414535
s03T2922,1.020481839531631,0.27854297202802064
s04T2922,0.6383836212171395,0.34202350602272463
s05T2922,0.7820973318705124,0.45026761259873577
s06T2922,0.8955112609564431,0.6158199333849937
s07T2922,0.6987221397035346,0.5027268958494111
s08T2922,0.023188630003546547,0.00890642037904048
s09T2922,0.14677214558050794,0.5484255527262138
s10T2922,0.15527047671357763,0.7304779001327477
s11T2922,0.06744624664311,0.4663764556080963
s12T2922,0.09232790224803099,0.5139356623699576
s13T2922,0.12435111810715091,0.4160121567480407
s14T2922,0.4855625836983656,0.6330024524673749
s15T2922,0.7755795984978058,0.96650122603474
s02M3022,0.3256746937081484,0.4616579756211856
s03M3022,0.6725745854077662,0.41239527800098597
s04M3022,1.0716332581039962,0.5661077293206946
s05M3022,0.7181424068339736,0.1560027408495345
s06M3022,0.2317448479012794,0.2886634232686662
s07M3022,1.1042833287631768,0.9961016230791991
s08M3022,0.015169378347839468,0.006806242654361703
s09M3022,0.1458011195980417,1.9037723689698054
s10M3022,0.08927190725438469,1.2544239359064473
s11M3022,0.11644809993532802,1.3306287414099078
s12M3022,0.10898158995339119,1.0529577086580046
s13M3022,0.13840261734830925,1.3051385214753441
s14M3022,0.20119528832867029,1.30285682667527
s15M3022,0.23875742221621815,1.1534611385779876
s01X3022,0.2828946325203199,0.6510498327839079
s02T3022,1.0113457898570744,0.4687423424485652
s03T3022,0.5042204188180287,0.3971213376781921
s04T3022,0.7363244816663562,0.24224371450337057
s05T3022,0.5514975427573017,0.284858391746335
s06T3022,0.8267540359545272,0.38004175040186405
s07T3022,0.30605989174267034,0.22018985839564043
s08T3022,0.014670028303561719,0.00609158420670326
s09T3022,0.05833017420652467,1.170803967372255
s10T3022,0.1328985192309402,1.6103542632962073
s11T3022,0.1139033469593685,1.4355100168430457
s12T3022,0.176507615317733,1.1099204248319972
s13T3022,0.11410351716741712,1.3492916282800622
s14T3022,0.41953250153392224,0.8695978256518814
s15T3022,0.1912202863455406,0.3939858690908813
s02M3122,1.468262188351376,1.641361230868544
s03M3122,0.8114688755075306,0.4527764441403335
s04M3122,0.8365583358225412,0.417402210806478
s05M3122,2.6166602709981417,1.0466112301473978
s06M3122,0.36335700758128187,1.0128242137519903
s07M3122,1.7947732825012421,0.36858154263562426
s08M3122,0.04991312864397228,0.01419569432190938
s09M3122,0.13240195030299504,0.6794902009884384
s10M3122,0.0884716899514333,0.9922743495697257
s11M3122,0.10867248767594224,1.1390812347887942
s12M3122,0.07676920650399444,0.6190650189105252
s13M3122,0.4420614078830002,0.37754710350919335
s14M3122,0.2551323414238303,0.3585642033784101
s15M3122,0.11045817401061098,1.5928769689337825
s01X3122,0.42808673707377426,0.6646769053000947
s02T3122,1.2120064813775404,0.7967016662010232
s03T3122,0.49545073923169325,0.6099984455639056
s04T3122,0.6653565499449515,0.5375147426271689
s05T3122,0.8035887475501134,0.5364996047035429
s06T3122,1.298529033366015,1.5262954770503672
s07T3122,0.38050088306938684,0.9318015428726927
s08T3122,0.02233794031860864,0.019986112849146326
s09T3122,0.18146897085263275,2.447137497083976
s10T3122,0.11305356388708183,1.1865617654408822
s11T3122,0.10175347153852732,0.8702500322591721
s12T3122,0.10687891418058325,1.2304402636432346
s13T3122,0.12465188918188168,1.0452908684548037
s14T3122,0.28201303247835346,0.9269139063950627
s15T3122,0.436884859278682,0.49870367857440473
s02M3222,1.3694257394044798,0.17263574671100465
s03M3222,0.8405091226708102,0.9806530161247969
s04M3222,0.806146225331292,0.48771622979226564
s05M3222,0.6967380940803706,0.5322844294236776
s06M3222,0.581887164999234,0.4874642824361543
s07M3222,0.4484440866912826,0.5832557682626252
s08M3222,0.03354969912055525,0.020413408459452654
s09M3222,0.1703381153139983,2.3812818206443693
s10M3222,0.0714294954289272,2.6020833339111578
s11M3222,0.07663932519566875,2.348799911475535
s12M3222,0.11104167387486913,2.912512597639674
s13M3222,0.14648810076754507,1.8064226408331736
s14M3222,2.4220952777971902,0.7308828408290946
s15M3222,0.25634286516917204,0.6216297460867681
s01X3222,0.30961469841288325,0.7103481345858598
s02T3222,0.41094621525632125,0.5107017545765056
s03T3222,0.6370054700668463,0.45396820341515726
s04T3222,0.8953370784125202,0.5480901508426511
s05T3222,0.968292661637343,0.5287979892553318
s06T3222,0.3560278510060141,0.23137053243341132
s07T3222,0.8276871841336805,0.5436355975647442
s08T3222,0.023622267802463816,0.025074769042653818
s09T3222,0.0575722266122509,3.8030363564685423
s10T3222,0.13019707198169725,6.0250527553340385
s11T3222,0.10676426730512617,3.94373634541363
s12T3222,0.12210058048644046,4.876695792521015
s13T3222,0.10149887778387208,3.1140740982073742
s14T3222,1.1063979094206369,0.8932964448433569
s15T3222,0.9746093464042875,2.7345263926825796
s02M3322,0.44738527360544633,1.6592473269557924
s03M3322,0.6392338913564661,0.9290664902184931
s04M3322,0.48401822828428204,0.568343256217502
s05M3322,1.2392466276863403,0.995836241933412
s06M3322,0.6621348459079299,0.5172950563413814
s07M3322,0.7356081447549156,0.437222130209666
s08M3322,0.0299602888727206,0.02381914925517249
s09M3322,0.07266700809883055,1.586376095300071
s10M3322,0.16158662428597323,4.503048703016245
s11M3322,0.09524052909617767,9.00335797971764
s12M3322,0.046680547026049575,17.920284040147948
s13M3322,0.0488031843848335,17.511636091969923
s14M3322,0.09455642497698931,8.154439167516399
s15M3322,0.16838879125210066,5.552217923741211
s01X3322,1.0066699773780947,0.45894627022207896
s02T3322,0.23561756364970302,0.5181826013511731
s03T3322,1.1245801654887455,0.773910506449738
s04T3322,0.8231743780685696,0.6324343274236525
s05T3322,0.9010062670366972,0.6534952955168469
s06T3322,0.6564154406015277,0.9770331155061509
s07T3322,0.4071727956902,1.0122539858537412
s08T3322,0.014702276743143443,0.39831857669240034
s09T3322,0.04641661079881015,18.458031478847115
s10T3322,0.05434665433466926,12.76345991975492
s11T3322,0.04463640576334327,4.447405963489742
s12T3322,0.12152199736584328,6.76258363068921
s13T3322,0.6979744815888469,1.4599415296079472
s14T3322,1.231673781881349,1.6284613315357734
s15T3322,1.156384621795019,1.9568619276238477
s02M3422,0.3717208161016876,0.4856783498957502
s03M3422,0.6949135108762134,0.6218712137841051
s04M3422,1.291540888852137,0.6610291091131334
s05M3422,1.0203774354671462,0.5661834475071573
s06M3422,0.859644396307325,0.567134105443987
s07M3422,0.2613061563863093,0.6111788925441879
s08M3422,0.07524954354964855,0.08884929193828793
s09M3422,0.0,26.30152006567453
s10M3422,0.0,64.76027381472507
s11M3422,0.0,72.74575273300431
s12M3422,0.05347232240935656,20.38025782240802
s13M3422,0.519092209730747,2.656977377253353
s14M3422,0.24420692428345647,2.1213815932180253
s15M3422,1.4664394066452962,1.7546001100079143
s01X3422,0.1834457485864039,0.5036419409951742
s02T3422,0.5924649691266517,0.9862955504752385
s03T3422,0.7772568636860331,0.5914151220638848
s04T3422,1.1023966528589635,0.8562249898314003
s05T3422,1.1748756382044137,0.6228185574390589
s06T3422,0.6456829992787891,1.5029492623663638
s07T3422,0.41842868606889566,10.380171875653167
s08T3422,0.0159137103119563,0.07873909052149908
s09T3422,0.0,79.92896156327525
s10T3422,0.0,96.25817314476603
s11T3422,0.0,86.57524394932653
s12T3422,0.0,75.18628869766373
s13T3422,0.0,122.86252922325669
s14T3422,0.0,63.655138234498416
s15T3422,0.0,80.69489655161652
s02M3522,1.1678574511610653,0.6093929064853126
s03M3522,0.9762301871810996,0.7871263016806701
s04M3522,0.48491988483545445,0.3897260557928393
s05M3522,0.6774515269382374,0.4353184775503476
s06M3522,0.5704168037597195,0.3722847047794276
s07M3522,0.39755200946887465,0.4075302946550368
s08M3522,0.024623023918586548,0.041848617515433575
s09M3522,0.0,113.51687658634539
s10M3522,0.0,33.7811291385911
s11M3522,0.0,71.87579096517364
s12M3522,0.05248158743410108,27.073758084407412
s13M3522,0.0,30.495697736843635
s14M3522,0.033222562225461216,2.521295624993196
s15M3522,0.29755360190562447,2.0049604881162617
s01X3522,0.15055148232580057,1.2814145589393962
s02T3522,0.2243322070786545,0.8168901764393632
s03T3522,0.3510164188723566,1.1864831564343297
s04T3522,0.3170613543786957,0.7371475062975876
s05T3522,0.8761913882081902,0.6314905541274288
s06T3522,0.0847953054031156,0.054281407046172646
s07T3522,0.05494723337852241,10.2621065724092
s08T3522,0.02147985209228384,0.20594365116172675
s09T3522,0.0,50.554906517085335
s10T3522,0.0,67.43580044728257
s11T3522,0.0,74.20154978267732
s12T3522,0.0,65.4627604905438
s13T3522,0.0,74.17695378196657
s14T3522,0.0085821511103121,29.334458266397935
s15T3522,0.10198361587658557,13.000973256526505
s02M3622,0.4302127070053848,1.2891979771296826
s03M3622,0.5310007248910774,1.1249858487745799
s04M3622,1.0075145401694698,0.7947904777042093
s05M3622,0.302305506631962,1.0771802834058046
s06M3622,0.6535176466990927,0.8113267226039905
s07M3622,0.0646409616788242,3.225339934959064
s08M3622,0.013303198697676428,0.011364309636712417
s09M3622,0.0,33.97091741430078
s10M3622,0.0,45.05900161659186
s11M3622,0.0,47.59254133353884
s12M3622,0.0,46.14915697723037
s13M3622,0.0,36.40657903597454
s14M3622,0.0,43.76201827334135
s15M3622,0.0,45.05190291525375
s01X3622,0.1174506923844184,2.4417507893409365
s02T3622,0.8495577112191391,0.5817808307737056
s03T3622,0.19464719358644952,0.5062264354489511
s04T3622,0.8715706959331082,0.6210650354856369
s05T3622,1.2764527752293524,0.6313544096713464
s06T3622,1.1009134628869566,0.5660499081377598
s07T3622,0.07435136815561881,0.8892993040933803
s08T3622,0.024360979702463065,0.023944424051037517
s09T3622,0.051028733980764296,1.9397387281822638
s10T3622,0.06337494423949078,1.6353336572606518
s11T3622,0.10966558221613346,2.4733039260330285
s12T3622,0.07693409510636987,1.895532380494819
s13T3622,0.09179658549451576,1.1483547314056226
s14T3622,0.26719623025462746,13.116481536292536
s15T3622,0.13694872834485475,6.368836511026225
s02M3722,1.8101993472012388,0.19827759082545213
s03M3722,0.34702782715763925,0.41582100503193675
s04M3722,0.4066383069924517,0.402037100814195
s05M3722,0.20358881540479035,0.20540096946001374
s06M3722,1.1203184136520852,0.36328779525627536
s07M3722,0.11066440393990887,0.37973731683550793
s08M3722,0.024795538022555852,0.025380444583662988
s09M3722,0.06788578259438859,2.9296310324976296
s10M3722,1.1038031160680215,0.9075816672770417
s11M3722,0.14407362015708872,1.5688767018602632
s12M3722,0.189573085703356,2.0872233850547675
s13M3722,0.13821792231340083,0.973722163008038
s14M3722,0.12042867913346869,0.6668658952786878
s01X3722,0.16205054177613246,0.4908816324010476
s02T3722,0.3709612108912022,0.37674250129222747
s03T3722,0.43626840928545485,0.6902706774514518
s04T3722,0.8022001066375961,0.4397068752463862
s05T3722,0.44368342774869307,0.1757935026967232
s06T3722,0.4576240422644707,0.3323155227004981
s07T3722,0.6229281632267556,0.646114741127354
s08T3722,0.024820940904004853,0.010905071860972632
s09T3722,0.041656208741013424,1.1750737382898633
s10T3722,0.06326290250598576,0.7646620573503083
s11T3722,0.31609495134084614,1.6182726910072427
s12T3722,0.10229016907286856,0.43320191062317
s13T3722,0.17878098227605313,0.5345084824611654
s14T3722,0.07964628652544448,0.2007714930668444
s15T3722,0.21894432251569343,0.30551801455424527
s02M3822,0.5667919934793266,0.2666061675265627
s03M3822,0.6784161730483197,0.33749386305293133
s04M3822,0.8487562326726296,0.44282339807253107
s05M3822,1.3706330917877734,0.3264219068104325
s06M3822,0.5231520257143348,0.26513638889059127
s07M3822,0.2792922672652313,0.29709650789919057
s08M3822,0.02784707611306869,0.006963635089451666
s09M3822,0.03842940109457146,0.41545800974624103
s10M3822,0.04450431692082663,0.6616467047793025
s11M3822,0.04874047620049767,0.6513623665716894
s12M3822,0.13895759293066579,0.3913137543595064
s13M3822,0.10721700677704066,0.22761749671489934
s14M3822,0.22797289272625118,0.6021088203622784
s15M3822,0.23266348412400362,0.5015037111049943
s01X3822,0.5979264283254607,0.5037358841928716
s02T3822,0.19788947257935627,0.3050040695391869
s03T3822,0.9312102890555211,0.5047923368971781
s04T3822,0.8762172056344021,0.4163351870991717
s05T3822,0.9946636217217006,0.391837337327847
s06T3822,0.5969656766239065,0.20122151644515118
s07T3822,0.48585399031504906,0.37953893329260535
s08T3822,0.023493713310720307,0.009644447265230185
s09T3822,0.03774766382183816,0.2563572400413655
s10T3822,0.05303205213166651,0.6705097456727629
s11T3822,0.5481184120227709,0.374961548081144
s12T3822,0.07319787140697845,0.4679988762577279
s13T3822,0.10276513868752148,0.48098544947699434
s14T3822,0.12193503173892212,0.8166175161152693
s15T3822,0.2206865132977336,1.3154541289903021
s02M3922,0.8665228188050401,0.28847784630113715
s03M3922,0.124065491824734,0.32862117904394517
s04M3922,0.3496630018325032,0.21661130073560095
s05M3922,0.45702236366022125,0.26761531110495534
s06M3922,0.2575789015432009,0.16661429656777849
s07M3922,0.1283091485384378,0.2952929018175298
s08M3922,0.03930217843518427,0.011450255502198503
s09M3922,0.02605470743368385,0.5076010313953692
s10M3922,0.03307503088884172,0.6325259067607232
s11M3922,0.034820736782886406,1.02166650504679
s12M3922,0.07345419754254132,0.6887362132628965
s13M3922,0.0353514916479788,0.4935633386721179
s14M3922,0.05800615156792452,0.24246243278667653
s15M3922,0.054901312327652406,0.2537041743854249
s01X3922,0.09574450714788148,0.30105898937977177
s02T3922,0.9899886140815606,0.38541994956693565
s03T3922,0.6276875636286566,0.2867351021860053
s04T3922,1.2600086954703518,0.5238151442435297
s05T3922,0.4753928329618869,0.3072853793946473
s06T3922,1.1072605151523398,0.5530552678884957
s07T3922,0.15587328800844566,0.14983241180342802
s08T3922,0.0893536780028541,0.02123160394618426
s09T3922,0.09737636610999453,1.2485944698961537
s10T3922,0.04493057661074059,1.4178689605546608
s11T3922,0.07488728140082195,1.1212804781551837
s12T3922,0.5061736241914241,1.238187677219026
s13T3922,0.07567544967998378,1.972030731125419
s14T3922,0.10923763800476907,0.8470555635352601
s15T3922,0.10429174466750159,0.5810533672232383
s02M4022,0.9456292425928117,0.49192597566246776
s03M4022,0.5673808923856652,0.3614424882741565
s04M4022,0.24160135183822334,0.09446033838064101
s05M4022,0.6293335112493986,0.2072799787269602
s06M4022,0.2625157170613796,0.18159984238570828
s07M4022,0.17421807456736488,0.11901152561836527
s08M4022,0.11676509487238634,0.027060673210055553
s09M4022,0.15566218430217343,0.7995891720970891
s10M4022,0.06370927797159233,0.3915135053622739
s11M4022,0.08832583269339522,0.5324882956291479
s12M4022,0.18446897971268642,0.6540679224426854
s13M4022,0.1546896980622751,0.42464201179497685
s14M4022,0.19388526404939602,0.38538616276227194
s15M4022,0.11155941877810764,0.3028319166553534
s01X4022,0.12411921112481286,0.0789620117974628
s02T4022,0.8784731532057724,0.4967812932998018
s03T4022,0.7761952272542306,0.18784048879932277
s04T4022,2.1763251465497357,0.8236433615073254
s05T4022,0.7720872222312525,0.3183412813677818
s06T4022,1.2763235152733616,0.5932356837217523
s07T4022,0.4657220074268591,0.25023100242664165
s08T4022,0.169633744877465,0.03625096842039515
s09T4022,0.06986653029867106,0.996437369436224
s10T4022,0.043448439526172875,0.19368525382383148
s11T4022,0.08509557273177425,0.3986529302463104
s12T4022,0.1161498258942711,0.8145652478125531
s13T4022,0.11366039210937795,0.3229698584848618
s14T4022,0.14991061964125862,0.32028148069193574
s15T4022,0.12167577832676779,0.4401408213173183
s02M4122,0.21246204633488866,0.12334618992522682
s03M4122,0.9049958686274567,0.3633164868650038
s04M4122,0.2779491770501293,0.3123216516106055
s05M4122,0.7612849108010701,0.31402358989797335
s06M4122,0.5626829127058018,0.1784975827032911
s07M4122,0.15293171016802423,0.13367273607200097
s08M4122,0.188779016931515,0.03890526253097702
s09M4122,0.08188277736649029,0.35353199735929103
s10M4122,0.09022055049270514,0.6601550507473831
s11M4122,0.0873829668389495,0.6167783269422751
s12M4122,0.1378582825513673,0.43578822059669997
s13M4122,0.1542104040014599,0.5104445329920598
s14M4122,0.2077436612638053,0.4521824065351495
s15M4122,0.16131324854154416,0.39250332442029723
s01X4122,0.08140011523419513,0.20268640526970547
s02T4122,0.12651239195222955,0.28224695845689607
s03T4122,0.6944816781157468,0.3360369005192675
s04T4122,0.28534237296436715,0.14253518639072318
s05T4122,0.4909254153754911,0.2753882232250383
s06T4122,0.24529030412484726,0.3056901252778718
s07T4122,0.21465562110232747,0.5642136100289366
s08T4122,0.23413158540959145,0.042023702355450644
s09T4122,0.08851051696881926,0.4755167076753729
s10T4122,0.06872830923190594,0.40614470806570635
s11T4122,0.10545494214297643,0.5407512479879246
s12T4122,0.12394032262595897,0.4520258995211233
s13T4122,0.11755366273663984,0.8112650529680052
s14T4122,0.14792969731801905,0.8424525166067348
s15T4122,0.16410698069059892,0.5548242502034635
s02M4222,0.20544107449012708,0.21016227576959337
s03M4222,0.7234484988593648,0.36095268636402983
s04M4222,1.2651259390912444,0.6244113309410532
s05M4222,0.36431227872927974,0.174659352575202
s06M4222,1.1002565941278333,0.487388128544818
s07M4222,0.7140753997537396,0.38118204336020406
s08M4222,0.28554820576545425,0.05985437934939899
s09M4222,0.1291278669192754,0.09477847778978708
s10M4222,0.12826050893240867,0.2616349161790352
s11M4222,0.1241387632243748,0.25937719034382195
s12M4222,0.2501068186904731,0.3632535680665109
s13M4222,0.17304053336332284,0.3180424414917721
s14M4222,0.15481982812691863,0.38782280768942917
s15M4222,0.06713923572062994,0.17684562358634714
s01X4222,0.6575631309455741,0.26442446106537737
s02T4222,0.6711853683190646,0.7303189891746711
s03T4222,0.47290626367198774,0.3045561881480244
s04T4222,0.9125209118598333,0.4720900121218372
s05T4222,1.0814562466396727,0.5267788767582562
s06T4222,1.6768935125389899,0.7269910564617598
s07T4222,0.7805003219568715,0.12406624166941571
s08T4222,0.2969066508120195,0.061280350746163864
s09T4222,0.14612112410690054,0.13621431611052298
s10T4222,0.0959094798758841,0.20672701715322328
s11T4222,0.1275212045885389,0.14058413174570966
s12T4222,0.075520560082618,0.23187690275434805
s13T4222,0.10415114478192534,0.2545857385185943
s14T4222,0.18151308837338023,0.5794857397790673
s15T4222,0.18921801355396367,0.2155266789434495
s02M4322,0.3702190623432988,0.1568579628768261
s03M4322,0.3452693583571749,0.22589721805650112
s04M4322,0.5442351050535925,0.28121555098894546
s05M4322,1.0028147016099191,0.44792323523766264
s06M4322,1.1638374977330534,0.4808439687432114
s07M4322,0.9569433950727608,0.5504143899578231
s08M4322,0.29206174662924034,0.05858039455195622
s09M4322,0.1112956638407355,0.6737539475711783
s10M4322,0.08157362577182438,0.2975369839561351
s11M4322,0.4905005483164425,0.38950154344222654
s12M4322,0.13482740246615182,0.4488669436712852
s13M4322,0.14736748869157634,0.37565720455203205
s14M4322,0.13970887235171356,0.4689750277402686
s15M4322,0.14544720311937728,0.399937255194525
s01X4322,0.15106272371898136,0.3982406766152035
s02T4322,0.5028137193320157,0.9317831148387953
s03T4322,0.5005789613108534,0.26773128619501924
s04T4322,1.3126460922343826,0.6375459856296529
s05T4322,0.6147207480117983,0.23247454470636525
s06T4322,0.8867652234442848,0.3813681149746628
s07T4322,0.4019777627152611,0.23043047610653178
s08T4322,0.172600456085048,0.03982028392647463
s09T4322,0.08580613081161947,0.4390991944086952
s10T4322,0.11211924375926151,0.12769367956974248
s11T4322,0.13409391529778222,0.128466889570285
s12T4322,0.1408509327458334,0.4418370255542748
s13T4322,0.15721864390642337,0.19405292484559677
s14T4322,0.16364667098886188,0.4497525241476462
s15T4322,0.19012424200281475,0.41931095466802726
s02M4422,0.43768753524594606,0.6051206699612709
s03M4422,0.4307594954501753,0.2519103752548662
s04M4422,0.5727347926631047,0.2616827950914203
s05M4422,0.5915169494272672,0.3056145801776997
s06M4422,0.7809606390474159,0.3795234684794755
s07M4422,0.46267232716284157,0.2384143598729831
s08M4422,0.1095380178822983,0.027513453926047544
s09M4422,0.07506248020827554,0.23918137689259772
s10M4422,0.13605852834771517,0.1266881154439075
s11M4422,0.15886883117084932,0.11763316119783547
s12M4422,0.1843047452900253,0.2543033849066326
s13M4422,0.23971368259369888,0.1343065072125079
s14M4422,0.3050657313382529,0.37122958604552847
s15M4422,0.19963985089266545,0.4594639522723476
s01X4422,0.22609091943819143,0.4356897788615019
s02T4422,0.3058793192783166,0.36905818264770374
s03T4422,0.30937935857485666,0.30814522264344385
s04T4422,0.47671997325871157,0.3968425318432733
s05T4422,0.5256308975379359,0.25600704572482286
s06T4422,0.27610664756385245,0.24804080573258938
s07T4422,0.42164113761318056,0.43083642638798647
s08T4422,0.060446689281255114,0.018669251142896446
s09T4422,0.08153994837570258,0.10201291026383667
s10T4422,0.7043582841453673,0.29750786956867703
s11T4422,0.14552992553291622,0.4101292502595962
s12T4422,0.161924634704403,0.7915001094786573
s13T4422,0.18186552300219988,0.47971171034192606
s14T4422,0.1747240122901725,0.43563046214418083
s15T4422,0.13876794541797638,0.4427576353513986
s02M4522,1.0609140680681273,0.6037625257006146
s03M4522,0.7791903914604703,0.44149794840708284
s04M4522,0.896584270429534,0.3822800801430836
s05M4522,0.7234017627624134,0.3187732381921201
s06M4522,1.103234678095287,0.5437895079514025
s07M4522,0.5211582906040403,0.32603102587454214
s08M4522,0.0716995513994175,0.018156245333322784
s09M4522,0.12120313511147868,0.5721774470216351
s10M4522,0.1625163513508856,0.2222553067128623
s11M4522,0.17163228505006914,0.46396900350579995
s12M4522,0.1568993993287834,0.7552820211698965
s13M4522,0.1750234190524131,0.7291501000367392
s14M4522,0.19547545866583396,0.8712318919012465
s15M4522,0.3465596954635462,0.3522136831409256
s01X4522,0.3165914329146406,0.5095800660557983
s02T4522,0.468792954470392,0.28818995852543056
s03T4522,1.2140414699073012,0.6221246017075254
s04T4522,1.1051808319856917,0.5906327405721913
s05T4522,1.6219822191248183,0.7008009177528396
s06T4522,1.1064534078220418,0.5204270633606477
s07T4522,0.8318584453766219,0.6678719663745595
s08T4522,0.09774561079195641,0.02435718031589155
s09T4522,0.15430072889630692,0.3679760986783603
s10T4522,0.19351372632798267,0.8564537980115515
s11T4522,0.6199956375464092,0.24150572166115938
s12T4522,0.24304148965978598,0.8001325597849681
s13T4522,0.23822168656285445,0.8087596372234684
s14T4522,0.19975653156227063,0.48151183009341064
s15T4522,0.38317480870712084,0.3711300653141988
s02M4622,0.854173390745915,0.4293648906974079
s03M4622,0.8334499784847159,0.4010080763693178
s04M4622,1.0791084895484826,0.48267048585222483
s05M4622,1.7028826380537312,0.7514729074615013
s06M4622,1.5850225832300586,0.7478974747415811
s07M4622,0.31937626020150184,0.7536695553313428
s08M4622,0.09965775646265823,0.05703467058582095
s09M4622,0.12139959936224938,0.5888124824757738
s10M4622,0.2311093786195623,0.3976116140263763
s11M4622,0.25939733087966094,0.836511675378652
s13M4622,0.19609978504332343,0.6918652354942862
s14M4622,0.4633463327839083,0.8603599606133996
s15M4622,0.25074293944476145,0.3496954290914724
s01X4622,0.3724286406739376,0.8666758112307574
s02T4622,0.30800674108063314,0.13163278658853486
s03T4622,1.0885825819429422,0.572249367484312
s04T4622,1.2287308985639547,0.7426502991466896
s05T4622,1.2501456732497187,0.5977702143811269
s06T4622,1.0246066625974102,0.5586150382972765
s07T4622,0.229044853443143,0.17460090841981724
s08T4622,0.19836304993970832,0.04588515032137612
s09T4622,0.1425907598910914,0.08938796938225052
s10T4622,0.16910707681233275,0.29298242766264654
s11T4622,0.2257257371491282,0.4209270746860853
s12T4622,0.29395576921071703,0.7224131847921875
s13T4622,0.14141667751776404,0.9765009104807825
s14T4622,0.20334839745930497,0.7937439316215511
s15T4622,0.1530824395776595,0.14969181165029566
s02M4722,0.8132136043972571,0.5803287630586619
s03M4722,0.49807299431441326,0.23766019074493422
s04M4722,1.6951090077228108,0.592519708958875
s05M4722,0.5739798739929268,0.21839568818260827
s06M4722,0.7422941376682659,0.1787592501424021
s07M4722,0.46479252277388466,0.11418890757820371
s08M4722,0.2806332461604641,0.07000269421433394
s09M4722,0.2389443175670142,0.24787806507983787
s10M4722,0.1817959886127841,0.20897713879531513
s11M4722,0.08680945166769807,0.10611510291605981
s12M4722,0.16810102811673827,0.1557796025814981
s13M4722,0.2737909164589715,0.10588129481285483
s14M4722,0.40666247347195095,0.26716481711933937
s15M4722,0.23313655546239162,0.3461326903052889
s01X4722,0.1960313265405472,0.2874076299322492
s02T4722,0.9650857417579226,0.5393179740539293
s03T4722,1.262202946353102,0.5374828464632246
s04T4722,1.2327776793561505,0.9293276916513203
s05T4722,1.426311763108102,0.9077719247808019
s06T4722,0.5556351587591944,0.24704893843607045
s07T4722,0.1505179003629214,0.1526406913252869
s08T4722,0.175545855073014,0.03858434705936085
s09T4722,0.15268984052742463,0.06508438322154178
s10T4722,0.15205776491273187,0.17968165700672892
s11T4722,0.18623279760617767,0.1460436501801062
s12T4722,0.17211698072366644,0.2092617498811917
s13T4722,0.2644400767692292,0.32152660615906187
s14T4722,0.25594106016924606,1.0053129952482638
s15T4722,0.26619634392937935,0.5358631634563392
s02M4822,0.5135886739849828,0.3380212211341604
s03M4822,0.3436812712189131,0.09850937165135995
s04M4822,1.4842483310456933,0.7229529680868262
s05M4822,1.0879297592911836,0.4340000751275068
s06M4822,0.8299558653293875,0.187774669647406
s07M4822,0.2769706659322935,0.31203425672374085
s08M4822,0.3462062389197729,0.07437324009880307
s09M4822,0.25299291292696263,0.06650695828362033
s10M4822,0.2717231394879937,0.14261834477055008
s11M4822,0.2726058324506585,0.17320210855650114
s12M4822,1.0019708889134207,0.3417952759164408
s13M4822,0.3119381775971999,0.6028912491615003
s14M4822,0.18460981240900307,0.21834557291885281
s15M4822,0.27316436461895394,0.46326099104703927
s01X4822,0.28779713308046173,0.15413203569004255
s02T4822,0.714930278705369,0.19098263065846308
s03T4822,1.3004768857723579,0.5715091175399443
s04T4822,1.0863830961253125,0.45701031634830136
s05T4822,1.1423940205053416,0.3830909785163306
s06T4822,3.3194544152703207,0.24045098606407952
s07T4822,0.17168841678544877,0.2792155169328447
s08T4822,0.3883033647419165,0.08092781074656397
s09T4822,0.2550151601603245,0.07143631213539196
s10T4822,0.22450951888225193,0.05889627000461368
s11T4822,0.31405907182197584,0.10348633298845095
s12T4822,0.3653785011027826,0.10245858967532134
s13T4822,0.4208109042343196,0.2328410272332446
s14T4822,0.18358961780091992,0.17508604194693864
s15T4822,0.1758996396017358,0.20151670949685296
s02M4922,0.7840607958508089,0.3423365093390722
s03M4922,0.37767441557265197,0.1463857663319994
s04M4922,0.16377043950090026,0.17387468191962852
s05M4922,0.7108615692553787,0.29934422861721227
s06M4922,0.5154052160911726,0.4198076936542453
s07M4922,0.1555338218723915,0.16620079513869818
s08M4922,0.2964530458889951,0.061981800157679734
s09M4922,0.353136160150107,0.07540169698621954
s10M4922,0.15735707055373413,0.037937187207406346
s11M4922,0.2778189802910255,0.07953622503543832
s12M4922,0.3494686345258241,0.08281816462956197
s13M4922,0.33353682465038664,0.07770912181063545
s14M4922,0.18215582546496406,0.077970140139897
s15M4922,0.20020934054755782,0.1559693597283666
s01X4922,0.23858156938125236,0.10118552996826213
s02T4922,1.9023161920618463,0.666209595695657
s03T4922,0.986914505234776,0.42756650037658533
s04T4922,0.37119874560950794,0.19590124606371898
s05T4922,1.2506710839617048,0.5821779703217549
s06T4922,0.8399744768754096,0.15314631518254168
s07T4922,1.979355726425803,0.8526783337925194
s08T4922,0.24969245696419048,0.05249625094297367
s09T4922,2.1821181450317617,0.06318036175574618
s10T4922,0.4105752668145462,0.07213444457647226
s11T4922,0.3378918253078808,0.0673131480495338
s12T4922,0.42477637329602685,0.07885755641132412
s13T4922,0.33952734976629406,0.11942841225932953
s14T4922,4.477590503061918,0.055238203730904614
s15T4922,1.9784662428911621,0.11895763966617012
s02M5022,1.9488036195320602,0.4408496811847531
s03M5022,0.6115768080126124,0.18874609446727358
s04M5022,0.8455856256000144,0.2444719577714266
s05M5022,2.4542524026864174,0.17759782855093978
s06M5022,0.7144049108868389,0.2784803742345963
s07M5022,2.27916355117979,0.13405198825091613
s08M5022,0.4035855612518246,0.08417295619205803
s09M5022,0.4329286435371069,0.07925886214594517
s10M5022,28.732726509768483,0.0
s11M5022,12.936281492552846,0.0
s12M5022,29.956817731544106,0.0
s13M5022,3.3095352984114834,0.1705758326176001
s14M5022,0.3358858037803931,0.0793515267483316
s15M5022,3.782105115657275,0.20521826579774785
s01X5022,1.260513839429039,0.11618456264693511
s02T5022,1.322916585667301,0.3807697560176429
s03T5022,1.6439231579703886,0.7463978355336985
s04T5022,10.365448929008103,0.1292888001724376
s05T5022,0.6299784445622105,0.2191010476133827
s06T5022,4.000581784447113,0.11040912263762769
s07T5022,1.505826174723664,0.18058416621256476
s08T5022,0.15208713720625308,0.03281411771826615
s09T5022,0.3527606537346863,0.06133213327594232
s10T5022,0.30021075807607145,0.1359590298750134
s11T5022,0.34511315131398607,0.0617270591861639
s12T5022,0.294456406217961,0.10894763383046303
s13T5022,0.28905750604450997,0.20142006808307436
s14T5022,0.32969400269354887,0.1848083789528545
s15T5022,3.0344460355505896,0.08666522448230175
s02M5122,0.9223541339732864,0.47266661669354443
s03M5122,0.4417200010723297,0.09597924724764319
s04M5122,0.4808754516182801,0.1276267917406667
s05M5122,1.9205536737941293,0.7817433465849876
s06M5122,0.29214945607813353,0.05470245951951575
s07M5122,0.560956076274578,0.2957425500076235
s08M5122,0.2703469915628118,0.059869353626082616
s09M5122,0.3889061058852397,0.07723067783863331
s10M5122,0.5759071921896105,0.10736789907972924
s11M5122,0.3564461822670584,0.08796959603014479
s12M5122,0.5486560466331433,0.10181283609225075
s13M5122,0.6271597151271213,0.10934706530344449
s14M5122,0.37976085493350253,0.07115937717033617
s15M5122,0.29697499959089596,0.17941802571383325
s01X5122,1.3334149347775939,0.0931108819923086
s02T5122,1.5768046459202316,0.48680039686772925
s03T5122,1.8107696379771536,0.7038898979672901
s04T5122,0.7783633772862614,0.24577231985851997
s05T5122,10.617546178200053,0.031238802431845666
s06T5122,0.7977805441304897,0.23696894537948626
s07T5122,0.531066219353405,0.14616713384772914
s08T5122,0.3794909774309379,0.11110510913659206
s09T5122,0.3170442063393047,0.06649851246999632
s10T5122,0.4271234922722932,0.22907240935394282
s11T5122,0.46549473664174484,0.37379648906693996
s12T5122,0.3274578173751303,0.054681082963513906
s13T5122,0.5727854457838741,0.07409438204075351
s14T5122,0.4659140085224465,0.07964646842028192
s15T5122,0.3284065341764443,0.045102271242051746
s02M5222,10.325616953771174,0.03547713058847064
s03M5222,7.057820553249392,0.035831212251822266
s04M5222,2.229983772383313,0.7248818436084955
s05M5222,2.0135913969364663,0.813385097706133
s06M5222,1.360487177823259,0.2301271500678444
s07M5222,29.77888347179199,0.0
s08M5222,0.1914263067527472,0.04525944220177271
s09M5222,0.38069189865279296,0.07018345980820159
s10M5222,0.33258657255661767,0.05996508904366985
s11M5222,0.6723521755329046,0.0607006764461327
s12M5222,0.6205188476187788,0.1798253240025358
s13M5222,0.4808343660144837,0.06296972351844471
s14M5222,0.5514049299100127,0.07823559882926907
s15M5222,0.42536259236853435,0.06869321104334383
s02T5222,1.4905091853691712,0.5549055714075556
s03T5222,2.209666886777338,0.9197672391909193
s04T5222,2.42280956049141,0.8027475499881065
s05T5222,1.88573035823304,0.7676439602797097
s06T5222,2.0447673298936992,0.8134042904491355
s07T5222,0.8151167494207109,0.18431098543794466
s08T5222,0.12227441205924951,0.031851230265850856
s09T5222,0.5392401051582042,0.07762415995406785
s10T5222,0.1875779549380235,0.03752360852242048
s11T5222,0.26142026563114346,0.041659617953802665
s12T5222,0.3044212029988871,0.6491790555192799
s14T5222,1.177581230646389,0.10286121033936375
s15T5222,0.386539609053297,0.056698799151166004
s02M0123,1.1581745479239685,0.29422482475207795
s03M0123,0.7597707375900179,0.25489436668572163
s04M0123,1.840518509733843,0.5321204945330281
s05M0123,1.9001729232963998,0.5649326249861296
s06M0123,2.415056216251411,1.0588763162078154
s07M0123,1.4075470099860057,0.45292837057798896
s08M0123,0.1608921344158266,0.04154741315010828
s09M0123,9.354024969604678,0.016253889838127384
s10M0123,0.6956924005925924,0.0704466126266146
s11M0123,0.4960728842394856,0.07703848012362824
s12M0123,0.4346594143042177,0.10291733696812477
s13M0123,13.639215802629046,0.024515669785200114
s14M0123,0.9432185571668907,0.367468138719434
s15M0123,1.4479565618153654,0.10631831987190506
s01X0123,0.9571677509696206,0.6186027269668543
s02T0123,0.3575095365892265,0.07307047248276494
s03T0123,0.2798306073807095,0.07876952886709307
s05T0123,0.04450022493261401,0.0063894662682640255
s06T0123,1.1911299119921954,0.11273126433549646
s07T0123,0.3195665055196927,0.09335449632598558
s08T0123,0.13252328019332515,0.032437192105790304
s09T0123,0.25305173659001723,0.05989207657435566
s10T0123,0.5142799957155856,0.2810460961895916
s11T0123,0.27365951030631824,0.16048350586577095
s12T0123,0.3630159033936682,0.13681335589260038
s13T0123,22.509791533059232,0.0
s14T0123,0.386527489432493,0.24567492068752625
s15T0123,0.842046191247519,0.16039137202812825
s02M0223,0.1380563301432528,0.03478362818881779
s03M0223,0.33800086026847403,0.10061578834316173
s04M0223,0.350334847394082,0.11604876173702271
s05M0223,0.7193956798508399,0.13979586958423681
s06M0223,0.9084316755546886,0.3125939176520371
s07M0223,6.769782441727195,0.08745711424005596
s08M0223,0.1857322548493715,0.044366704503569956
s09M0223,0.17796628952027482,0.050800712853364335
s10M0223,0.18388687919793503,0.05932919864823516
s11M0223,0.20528010664677238,0.05728891252111833
s12M0223,0.3037637195050138,0.11980606737696187
s13M0223,0.21401862876147507,0.07393833204652073
s14M0223,1.997585660252485,0.14430654815387486
s15M0223,0.2269232113993417,0.04900365528440194
s01X0223,1.3103866053095743,0.04232126493542829
s02T0223,0.5411725348335146,0.02725609387987032
s03T0223,0.5934517159915699,0.2410398569171402
s04T0223,1.386594152267925,0.592066790396824
s05T0223,2.04865837659989,0.8997615575905379
s06T0223,0.8926390135335356,0.29773069312743217
s07T0223,0.25443789574019726,0.10291693512376746
s08T0223,0.1663125335495863,0.04141288668644594
s09T0223,0.20901581094183747,0.0636782713823623
s10T0223,0.26486247848856365,0.18845324030272875
s11T0223,0.163554767985256,0.06392481799342054
s12T0223,0.5968783766877535,0.3931444219506795
s13T0223,0.5962305518204688,0.24606396994375598
s14T0223,1.1060498995004302,0.3905494745497393
s15T0223,17.644898322620396,0.00326389762015767
s02M0323,0.4778989666395172,0.1745113483555649
s03M0323,0.36557263590914657,0.1422805138901437
s04M0323,0.9799576343343006,0.46676012852072263
s05M0323,1.4578231889941762,0.5999516607419513
s06M0323,0.5395431331366514,0.11849954043129325
s07M0323,0.28390274576552516,0.10577897700247377
s08M0323,0.15708315661922845,0.03952012390168424
s09M0323,0.15469366476669857,0.03937783212059383
s10M0323,0.3073694011730228,0.1334993694240687
s11M0323,0.31958707730914016,0.12897636440747984
s12M0323,0.9253167230163615,0.17250616845903782
s13M0323,0.16913105900590583,0.10680765921167996
s14M0323,11.568338187753291,0.053670841435970854
s15M0323,1.3466092365183215,0.06454181953362702
s01X0323,0.3096580054954248,0.15185671641746273
s02T0323,0.45700019176629664,0.08430439488613177
s03T0323,0.1959535353118885,0.06962298038402687
s04T0323,0.2895367963460547,0.05107857087560133
s05T0323,1.390498567092178,0.1560673503139202
s06T0323,0.9082990779941035,0.26984490395870625
s07T0323,1.1967221562955745,0.39855537790798024
s08T0323,0.1463545368007213,0.0362806919586276
s09T0323,0.16592141962626183,0.03380847743835929
s10T0323,0.22363711212192808,0.06476682777031759
s11T0323,0.20895162678484172,0.05749552137671694
s12T0323,0.27142602048879216,0.12523475655621033
s13T0323,0.3486825089692207,0.07051641808617946
s14T0323,0.3901674790010959,0.09103267180317855
s15T0323,0.49573394488806694,0.05409895525100613
s02M0423,1.2063829441310328,0.4323797765337019
s03M0423,1.4128311219805352,0.20574248900034034
s04M0423,5.49659997549649,0.4676568745472002
s05M0423,2.6375278828512716,0.29966523479366136
s06M0423,0.707839519304077,0.1162454701716617
s07M0423,0.4603628053361091,0.06921597853841505
s08M0423,0.1638436590501666,0.03911529514076919
s09M0423,0.1976449311262126,0.07275262431142801
s10M0423,0.1812113414052313,0.037908499495940946
s11M0423,0.1621016478740874,0.051936854634847714
s12M0423,0.17948301950309126,0.04793073340459704
s13M0423,0.22537816840986225,0.04234203351888179
s14M0423,0.19533525049297235,0.05348429835161648
s15M0423,0.4004993549211939,0.12301957179158585
s01X0423,0.41866867322755563,0.08468920869869785
s02T0423,2.273375196399471,0.1730298481282047
s03T0423,1.0151303621812453,0.339322081402806
s04T0423,0.949881369254119,0.10428301129616822
s05T0423,1.448279703015827,0.17036315356715742
s06T0423,1.554450385513973,0.17786343695020668
s07T0423,0.7942560478686955,0.08308923894450478
s08T0423,0.13705850383217943,0.031920001626441666
s09T0423,0.17118793406660582,0.02499646311342042
s10T0423,0.2889089887000508,0.03086700959368035
s11T0423,0.15270188906992319,0.027890220039787354
s12T0423,0.33844574661968685,0.0616864877935312
s13T0423,0.3210324708438696,0.0448067803299948
s14T0423,2.471262386181887,0.13355011692705535
s15T0423,0.963100963301995,0.07397823727040301
s02M0523,1.227028260824307,0.15878304299354482
s03M0523,1.9526110151969391,0.34722785864530115
s04M0523,1.617872537949006,0.354359663235019
s05M0523,1.0491547813623971,0.07751319350560232
s06M0523,1.6776419517433334,0.13289885644859314
s07M0523,0.6941540278052213,0.06727672855855507
s08M0523,0.18354965227418935,0.0385889555533408
s09M0523,0.24841257907266276,0.07767803910310138
s10M0523,0.7449496034754195,0.07071980357876945
s11M0523,4.847061235828435,0.07233255143831112
s12M0523,1.1085782171270244,0.15079217547870097
s13M0523,0.7100902258769404,0.057795560355030313
s14M0523,0.6757174769727657,0.05649539115707224
s15M0523,1.812437376244083,0.05462932969217172
s01X0523,4.42724410674652,0.050978179893835074
s02T0523,10.616175362710614,0.030561807237631338
s03T0523,1.4939097325268411,0.10115532948404422
s04T0523,1.3520212558213123,0.0844374913898911
s05T0523,0.72650602312435,0.08633523915896336
s06T0523,0.6220308275435666,0.05064788544177601
s07T0523,15.948654515575914,0.10835937227999952
s08T0523,0.3702225915050702,0.07483817083718551
s09T0523,0.3724367719024358,0.0728812761146809
s10T0523,0.3263122498291723,0.05933660110736037
s11T0523,0.40324630992805854,0.13048015714948244
s12T0523,0.48041490551652133,0.0663445767631896
s13T0523,0.818739432197492,0.04364196167289922
s14T0523,0.9177086612867854,0.07223585982301942
s15T0523,2.248686648017477,0.05728001084948227
s02M0623,0.3232867746528899,0.03892434650706422
s03M0623,17.95495157698493,0.0
s04M0623,1.7847456505166006,0.15234363579353394
s05M0623,1.4107450142618505,0.3665091776721014
s06M0623,0.759287980884405,0.16950406818429817
s07M0623,0.7986555571495415,0.09197961663381857
s08M0623,0.19775007992299107,0.0343082826562856
s09M0623,0.22751924292772566,0.034858425257965765
s10M0623,0.19084451807028055,0.028671827273303384
s11M0623,0.2087219212356837,0.03360113096097543
s12M0623,0.31657116095401505,0.032072034191823355
s13M0623,0.46466298816617574,0.04444226939360829
s14M0623,0.31140270253734187,0.027729336806809862
s15M0623,17.98313116601265,0.19294013876829144
s01X0623,0.3497485939284329,0.019737232370734124
s02T0623,2.280099730236936,0.090946190366218
s03T0623,0.8273414068771974,0.11049997482358047
s04T0623,2.271613984831224,0.10088252214220556
s05T0623,1.950542968663268,0.0686572174072894
s06T0623,1.5141324120653523,0.3243714009508922
s07T0623,0.9647871772531283,0.06917198801296412
s08T0623,0.29534621459129384,0.04598284021295996
s09T0623,0.3199394122001545,0.04298153088268671
s10T0623,0.36539776437589694,0.034870936232869826
s11T0623,0.373030188903703,0.04750268713912466
s12T0623,0.2648357356926947,0.18745499216111364
s13T0623,0.4252788737035148,0.07802046941396411
s14T0623,1.2514455965376217,0.49888636826231686
s15T0623,28.141147437883646,0.0
s02M0723,0.8558617840918282,0.09777511038134859
s03M0723,0.9672819929167651,0.1441500578554416
s04M0723,0.68072435364361,0.13086819355139642
s05M0723,1.1239761815217775,0.14009067373865383
s06M0723,1.3555393843555867,0.31347254305167754
s07M0723,0.46215722722636643,0.09735232525520665
s08M0723,0.2719447316247179,0.04526206909294051
s09M0723,0.27444685672707647,0.04104818271287191
s10M0723,0.3497191672365878,0.051424359271183745
s11M0723,0.39313335978406455,0.05406946466711992
s12M0723,0.4753363384274098,0.05780595347785685
s13M0723,0.8997230801389077,0.08240817210098793
s14M0723,0.6966901916274139,0.0681053747236313
s15M0723,0.41021904100945017,0.0451511118140542
s01X0723,4.993378404328397,0.031789511456606356
s02T0723,1.3803546488844884,0.21342388661520673
s03T0723,0.5366562687700404,0.040931232867500285
s04T0723,1.2227863793376854,0.11039565885762502
s05T0723,12.394310416217676,0.14921237900190426
s06T0723,1.7270124710384385,0.11021503803473036
s07T0723,9.991172994961834,0.003996685398704951
s08T0723,0.27857258402020757,0.04363177195863694
s09T0723,0.48414978121856683,0.060105391389089415
s10T0723,0.5813753349203898,0.08386474158862885
s11T0723,0.37187687426694155,0.046885819872066886
s12T0723,0.42327516632242224,0.06975511276949382
s13T0723,0.5267635158338567,0.061649401515916274
s14T0723,0.5342033985545894,0.07247844044735173
s15T0723,0.6068450124361654,0.041619242971940404
s02M0823,0.7020444773100043,0.053550491395222215
s03M0823,2.2480231838785873,0.13357783076428742
s04M0823,1.226475159246516,0.0997775909555182
s05M0823,1.4831922052013282,0.13715281955571273
s06M0823,21.9093506032307,0.03971511796546074
s07M0823,1.282475203172901,0.07865432925279067
s08M0823,0.3563683389411829,0.05188637148435412
s09M0823,0.40276251435251553,0.054604030618467074
s10M0823,0.5914154258772762,0.05891224962555445
s11M0823,0.48948301731036836,0.057006330098128666
s12M0823,0.4219575656116409,0.09802403699345046
s13M0823,0.4429117172294358,0.05664353683836095
s14M0823,0.471939341864407,0.058655690280095305
s15M0823,1.098825597269529,0.043937709743200166
s01X0823,4.93185759165256,0.02765671184545118
s02T0823,0.43405123298566317,0.051261936988207614
s03T0823,0.6469562178746845,0.027159797864840542
s04T0823,1.6715213056414455,0.06691670054379975
s05T0823,1.1470895715240652,0.0916438478294296
s06T0823,1.022141719289754,0.35290221654034615
s07T0823,3.626847610628454,0.02721057117701475
s08T0823,0.2863297103399555,0.04018990643483563
s09T0823,0.2971173474427068,0.04785734466303487
s10T0823,0.4134710755621862,0.05768885441329268
s11T0823,0.2711391748583932,0.03579703491715478
s12T0823,0.5314390251305198,0.09132044820967795
s13T0823,0.34035143930913264,0.04558577888961953
s14T0823,0.6011228094092568,0.0930965960511241
s15T0823,1.790878597177885,0.09365131922886295
s02M0923,0.9880413687296383,0.11669831795715828
s03M0923,7.5525329529182645,0.0396933456101483
s04M0923,4.43187222770263,0.049007328882533535
s05M0923,2.5127362482026396,0.4277657985373
s06M0923,0.735211163770538,0.0640289764694114
s07M0923,0.5216458028521519,0.05370918092372882
s08M0923,0.1942094970416959,0.03170826171270079
s09M0923,0.17532520888234662,0.02760285915673355
s10M0923,0.15956964722935738,0.02418065474966682
s11M0923,0.20742995940852768,0.03075600921728514
s12M0923,0.3108721773364055,0.04330633426832326
s13M0923,0.21093581851680346,0.029199269585107854
s14M0923,0.38202712756339813,0.03724072262821436
s15M0923,0.5294235915830164,0.0459759141506648
s01X0923,0.3861542865810391,0.02553065876199351
s02T0923,0.5633396267626871,0.022435972384142976
s03T0923,1.3162834041612395,0.04401997438073091
s04T0923,2.093334155133397,0.020343750851749866
s05T0923,3.0674047435726925,0.1781702231866861
s06T0923,19.04274894170025,0.0
s07T0923,1.4151708939401757,0.1277927565261916
s08T0923,0.1615280243859051,0.02833824075477894
s09T0923,0.17295607442417799,0.026539049664543762
s10T0923,0.10415483664358191,0.013882968387640676
s11T0923,0.17900657315125817,0.02554702180386247
s12T0923,0.20303167253962243,0.0282658838018062
s13T0923,0.2525020143774897,0.03368157745757496
s14T0923,0.3170986532544704,0.03834148281616939
s15T0923,2.8020856070143263,0.02884285805097975
s02M1023,0.9716542453414553,0.05254081084971962
s03M1023,14.013348386965161,0.027693209761182457
s04M1023,0.5970710058511358,0.09494710968553655
s05M1023,0.95153486050264,0.09391116603575562
s06M1023,5.078265450151268,0.28703847899986634
s07M1023,6.188408985304255,0.04896273713199266
s08M1023,0.11944132885702315,0.019280220485315108
s09M1023,0.1431962556799365,0.025237459916639733
s10M1023,0.4458184270934,0.040788474537992815
s11M1023,0.20227849092599443,0.029248986244756612
s12M1023,0.19394269140778128,0.02987862817392621
s13M1023,0.30359043872772773,0.03620907933985968
s14M1023,0.8196599797358485,0.047494696374428595
s15M1023,2.363893651267436,0.06778626754021293
s01X1023,4.46369196029045,0.062301895625772125
s02T1023,0.9632060591299438,0.13145717340758128
s03T1023,0.6257666687277126,0.0319142896448823
s04T1023,16.904046501039705,0.0
s05T1023,0.9633084386427335,0.15411956988507514
s06T1023,1.30543597345599,0.04797626189697811
s07T1023,0.9028126757796882,0.05420763296054933
s08T1023,0.14281175916549788,0.022727346787109706
s09T1023,0.2937373798641158,0.03332285168678416
s10T1023,0.2627274748722069,0.03623671508563732
s11T1023,0.273887466876828,0.033112977290508876
s12T1023,0.24929267574087305,0.03528308305063318
s13T1023,0.26802365618713014,0.03910987900720104
s14T1023,0.32855715767221,0.03942916894354591
s15T1023,0.8818877210942547,0.06647857307583495
s02M1123,0.6844172237260536,0.03504493923406484
s03M1123,0.7018395433373736,0.02179687085400753
s04M1123,8.05813897879475,0.03164513276923885
s05M1123,3.3098394813563727,0.11503810030852658
s06M1123,19.704471176106914,0.00045611067088344756
s07M1123,0.7586181088366616,0.02701116614129971
s08M1123,0.15002510929166302,0.022897810339331828
s09M1123,0.4944685847461927,0.028277299364039776
s10M1123,2.1289585168826877,0.03006862401578263
s11M1123,0.6289172053009494,0.040018111245057705
s12M1123,0.4971523661353446,0.06077713697401419
s13M1123,0.6367383223041235,0.05192947429497629
s14M1123,0.5874830393863448,0.047964491754776385
s15M1123,4.210114933805389,0.023326550923372786
s01X1123,1.588763549560006,0.05460249036574955
s02T1123,5.042198817198565,0.037787106351948194
s03T1123,1.146838822837475,0.03230731830612645
s04T1123,6.172984207455778,0.14350491423037137
s05T1123,17.178714050009685,0.0
s06T1123,16.32172920123627,0.0
s07T1123,1.9932369689596594,0.04845992065310078
s08T1123,0.22142370257148136,0.03613027491603561
s09T1123,0.24332776617643367,0.0363085830960445
s10T1123,0.28132658865260124,0.040330377765969906
s11T1123,0.326820848607282,0.04072203830867616
s12T1123,0.25025643047181,0.0330226429734021
s13T1123,0.3365092954496237,0.04452223142222377
s14T1123,0.473389107364646,0.053487150465576096
s15T1123,0.7636269986924531,0.04486273074431448
s02M1223,1.2762248518588928,0.041717745975214854
s03M1223,1.9852547387661592,0.07795072341143625
s04M1223,2.0984113639840833,0.08032678073931888
s05M1223,2.0013178881463594,0.16119941988362713
s06M1223,2.3726197021884947,0.06791199715141508
s07M1223,1.7133886444516961,0.07969668071032955
s08M1223,0.21066869535487598,0.03498894864765651
s09M1223,0.36859395969850717,0.03864005841934097
s10M1223,0.8723709537560107,0.025058357672052903
s11M1223,0.20631511928160087,0.029369938102063793
s12M1223,0.2483041578629366,0.039748277629193494
s13M1223,0.22653692431051634,0.022881345991112856
s14M1223,0.38661792657282457,0.035492405263606294
s15M1223,11.31308995029248,0.008489117364866947
s01X1223,15.455240454601276,0.0
s02T1223,0.9187374258020224,0.027926625283671347
s03T1223,1.4734036099624142,0.032693184225709805
s04T1223,3.4743792506735334,0.04936407019328404
s05T1223,2.0203127362645357,0.06668703422267758
s06T1223,20.203471636396134,0.0
s07T1223,1.4413098323318239,0.04033273672532914
s08T1223,0.11836759487635815,0.018000476872453958
s09T1223,0.5493036124188607,0.035955818117117205
s10T1223,1.9673158595015674,0.014317997431460231
s11T1223,0.5135443510296803,0.02121784543480472
s12T1223,0.30423271063960816,0.04365764839099704
s13T1223,3.462752670501935,0.019405667283379543
s14T1223,0.504045092627777,0.03275336359969034
s15T1223,0.9919340207433373,0.08322108969834034
s02M1323,1.7472689225555629,0.09061988924117932
s03M1323,2.554819623527579,0.08086639763311988
s04M1323,4.561962422107736,0.2946678406565174
s05M1323,1.3740101158419162,0.08639035122224813
s06M1323,0.8238143749840475,0.030828724163211845
s07M1323,1.787371134607686,0.028266860350315757
s08M1323,0.10747064494588197,0.01380338739274983
s09M1323,0.18202544194531148,0.015158341416966486
s10M1323,0.25402281468384297,0.0270217550201356
s11M1323,0.31928557469828744,0.0308075768230196
s12M1323,1.0256357038865171,0.034679754032495555
s13M1323,0.6371443528475378,0.05508308912754806
s14M1323,0.7400306038625218,0.06377634275950637
s15M1323,1.1380719028876052,0.045264027207162875
s01X1323,1.6251360920218016,0.05440110668372775
s02T1323,0.8068073738075717,0.02308824630202381
s03T1323,1.2955803816878666,0.01908586148964123
s04T1323,0.9897701696108384,0.04116848895813581
s05T1323,2.482381933832616,0.14151554037092562
s06T1323,1.139967516891728,0.036091473062826764
s07T1323,5.223736161718432,0.05073533632588578
s08T1323,0.08863455053545008,0.011702177029263218
s09T1323,1.074032711855896,0.025820329268818686
s10T1323,1.2458071600967455,0.04564798715657885
s11T1323,0.9571003443193679,0.03083427203073467
s12T1323,18.746117696507813,0.0
s13T1323,0.3334633632616685,0.033331217221932254
s14T1323,0.49688787535789125,0.05112849159021763
s15T1323,10.844969104618148,0.0
s02M1423,24.39892622433582,0.0
s03M1423,11.802145065107124,0.029561118574766853
s04M1423,3.1647437852506544,0.15345917883791188
s06M1423,6.894982854376575,0.05694751533882197
s07M1423,11.77772407618318,0.0003420841525489384
s08M1423,0.09261878468698301,0.012743385972770116
s09M1423,0.7282313204237063,0.019170394044509192
s10M1423,0.23888760579193244,0.01719636216330243
s11M1423,0.4647853227539855,0.03490032029850347
s12M1423,0.4876833938010368,0.04125905937711704
s13M1423,0.444824704737573,0.03011724532862155
s14M1423,0.6255819190182571,0.033093986625523215
s15M1423,31.899857169742887,0.0
s01X1423,0.715435911257595,0.02702411848862882
s02T1423,0.9717987559642446,0.024463398466551725
s03T1423,1.6555566482666155,0.05196101289582572
s04T1423,74.64165629628422,0.0
s05T1423,7.723189346572624,0.017244523445999138
s06T1423,0.8540783989020498,0.037187144547443436
s07T1423,1.5005989341283683,0.04150921231989035
s08T1423,0.0639776125944261,0.00913422405665849
s09T1423,0.23332408326783977,0.018398834563020633
s10T1423,0.23189976332519757,0.027850657997066583
s11T1423,0.2532510608738805,0.02142802914566799
s12T1423,0.19019571278473266,0.021004423153701473
s14T1423,0.28990785943272274,0.02875136416824708
s15T1423,0.25603530879623,0.03385038891765161
s02M1523,9.252693675687876,0.0007423080549408698
s03M1523,31.611350911406767,0.0
s04M1523,57.10547899252398,0.0
s05M1523,2.20326082067928,0.0663812765312755
s06M1523,34.87308895291179,0.0
s07M1523,31.81331340332456,0.0
s08M1523,0.16143695012687334,0.016702549299648938
s09M1523,1.1199859577994828,0.02670659978126913
s10M1523,0.6423743610379444,0.026079982685514987
s11M1523,1.2279394334426217,0.02908213097056638
s12M1523,0.6355078467681226,0.029956279334571605
s13M1523,4.07195574066832,0.018023295195303102
s14M1523,0.2846776987684164,0.03913937628853411
s15M1523,21.452729728050386,0.0
s01X1523,18.238332531707904,0.0
s02T1523,3.774951689016788,0.04200830193828765
s03T1523,60.652136637187915,0.0
s04T1523,29.03357818786153,0.0
s05T1523,59.21335440681796,0.0
s06T1523,90.66710899497062,0.0
s07T1523,28.43398625268567,0.0
s08T1523,0.10038423673151524,0.011651930114538172
s09T1523,0.35714212877718043,0.02275248903726599
s10T1523,5.853666366187506,0.010586588377125974
s11T1523,5.377717828254757,0.1867308643637835
s12T1523,2.0273486245612586,0.04274366104620416
s13T1523,18.150404489410153,0.01773618841050028
s14T1523,34.91300538317632,0.0
s15T1523,15.76975691659013,0.0
s02M1623,11.141630642692672,0.02567796824758687
s03M1623,35.515665115958335,0.0
s04M1623,85.37382759510994,0.0
s05M1623,52.62239739383117,0.0
s06M1623,49.1531666429644,0.0
s07M1623,18.676426210436038,0.01889157017171348
s08M1623,0.08872354944247367,0.024161990949738442
s09M1623,0.10607531341833315,0.017711053933948593
s10M1623,0.9678240984357849,0.023802228363629004
s11M1623,0.5758148385477121,0.183426750714664
s12M1623,0.4424056786569744,0.025432646775004918
s13M1623,13.406949366363081,0.0
s14M1623,6.381830124950431,0.03646828258156011
s15M1623,33.56819742720285,0.0
s01X1623,23.120149878631,0.0890201395657585
s02T1623,11.017972135586154,0.012991400329311014
s03T1623,3.990966571880159,0.07350360058904387
s04T1623,10.141707978009679,0.09004871815884952
s05T1623,8.722933737369054,0.1045187376782894
s06T1623,5.424967849554685,0.08768677159349898
s07T1623,29.56951593272825,0.0
s08T1623,0.13589916888179035,0.021629249774932798
s09T1623,0.6245358011146368,0.020836347938463225
s10T1623,0.323716263531715,0.025189622807030406
s11T1623,0.5485786013962112,0.024281011674382444
s12T1623,0.37390996657545456,0.030047028301960876
s13T1623,0.34981925365473565,0.027514147562131795
s14T1623,0.4283087307252165,0.03172678994385179
s15T1623,13.495633687898108,0.0
s02M1723,2.6717715821352197,0.11136628314853689
s03M1723,3.1652466327683713,0.0661088304611512
s04M1723,4.651029639140602,0.1067436307858961
s05M1723,5.803475131628809,0.06998135439177383
s06M1723,18.42407097999037,0.051194222016016866
s07M1723,27.097927251680197,0.0
s08M1723,0.08107689338821883,0.01158042979755289
s09M1723,0.952576728672627,0.025373488103327093
s10M1723,1.0342444588993385,0.03956638564145047
s11M1723,0.8508407151607451,0.04700271039291017
s12M1723,12.349841166404461,0.05939450267381873
s13M1723,2.0967267342273677,0.058953447990620265
s14M1723,21.949978805615846,0.0
s15M1723,23.31859064679884,0.0
s01X1723,56.14695444915396,0.0
s02T1723,3.932065575773756,0.21215507047370266
s03T1723,29.737090922653373,0.0
s04T1723,5.017423650920013,0.14629234455516668
s06T1723,4.152304735069423,0.2128049653977589
s07T1723,3.7850542477499696,0.3058924148605742
s08T1723,0.12082162453555326,0.012752825242465463
s09T1723,1.9405041679343207,0.03769389433135281
s10T1723,0.9138941594694779,0.025458426530275385
s11T1723,0.006830422827637374,0.00013164232937446193
s12T1723,0.31627979149547375,0.03046681080744904
s13T1723,3.830190431363707,0.022308318579980897
s14T1723,23.935654381409247,0.0
s15T1723,43.24517663572759,0.0
s02M1823,4.92680495853436,0.14977263637246463
s03M1823,4.480776783075951,0.08551724916342532
s04M1823,3.3940371042480906,0.16372783998869417
s05M1823,38.71274981318224,0.0
s06M1823,47.270062047130594,0.0
s08M1823,0.16395610489492193,0.016760028754493374
s09M1823,0.7686416487334754,0.01498842293198959
s10M1823,0.945916059709283,0.04103910786945968
s11M1823,0.5600952171521505,0.028348617336405875
s12M1823,0.5494712863360558,0.0819132841265858
s13M1823,0.5476412088436962,0.046490018758013604
s14M1823,2.8217096739500636,0.18441675373168892
s15M1823,31.884914828772857,0.0
s01X1823,16.812429487447606,0.017478533028071234
s02T1823,5.254385711605144,0.13228440485195572
s03T1823,4.766795917108573,0.13050581433670436
s04T1823,3.300010595670207,0.1720153034371536
s05T1823,3.649958745895304,0.1423455444398334
s07T1823,4.845671024781032,0.1225679356175073
s08T1823,0.006972876959122,0.000674568767139224
s09T1823,0.629111374571474,0.025850273452868347
s11T1823,0.28294240852035335,0.02411155403785555
s12T1823,0.2875245306512912,0.0
s14T1823,0.6799295396645733,0.07125077998183618
s15T1823,15.822897206877466,0.012011727678929851
s02M1923,0.47277380958040705,0.0
s03M1923,31.35193636553705,0.0388804978214085
s04M1923,66.07318196712752,0.0
s05M1923,90.98050243098791,0.0
s06M1923,59.29724307927428,0.0
s07M1923,28.964143700242158,0.013838371742875787
s09M1923,1.1997684869195282,0.055958148549868414
s11M1923,19.737823141844768,0.0
s13M1923,0.42574479892109807,0.01222978188464333
s14M1923,0.9639205930858412,0.11582641929808972
s15M1923,7.068341288868215,0.03319172950301644
s02T1923,6.523099756614253,0.11991426789225142
s03T1923,84.40738036251062,0.0
s04T1923,46.5253315590052,0.0
s05T1923,100.64484690423767,0.0
s06T1923,74.81527448395435,0.0
s09T1923,0.40040869395537737,0.09346013823684449
s10T1923,14.159404323636398,0.003028288112292265
s11T1923,1.3062255203083883,0.07995797230098628
s12T1923,10.571362663942201,0.08886177146462121
s13T1923,0.9344837779018785,0.11125103861725519
s14T1923,25.285559069725615,0.014561298292586239
s15T1923,11.352833542861108,0.06180006898189001
s02M2023,2.8092031629907424,0.20503764441227376
s03M2023,17.338307626410554,0.010512086778311738
s06M2023,69.17126870334462,0.0
s07M2023,36.88687439494553,0.0
s08M2023,0.13429836703411416,0.01719149239521795
s09M2023,0.49267628903121796,0.06565811282818586
s10M2023,0.4785459127983978,1.3480783814467914
s11M2023,1.1418392703880718,0.21087071895810305
s12M2023,10.231662697840362,0.8445443635000149
s13M2023,0.8154600068841898,1.1582653640982044
s14M2023,25.09186070378963,0.07281153289516763
s15M2023,46.838858865792545,0.0
s01X2023,52.49864433722247,0.0
