,0,1,2
s02T1622,1.0,0.0,0.0
s03T1622,1.0,0.0,0.0
s04T1622,0.9985439081480224,0.0,0.0014560918519775498
s05T1622,0.9860881987848258,0.0,0.013911801215174106
s06T1622,0.8869193411067176,0.0057755907021435566,0.10730506819113891
s07T1622,0.8207393684705493,0.008648121164695457,0.17061251036475517
s08T1622,0.0,0.0,1.0
s09T1622,0.0,0.0,1.0
s10T1622,0.08910818664493701,0.0,0.910891813355063
s11T1622,0.0709436434553612,0.0,0.9290563565446388
s12T1622,0.16825709420744275,0.0,0.8317429057925573
s13T1622,0.2568970246979678,0.0,0.7431029753020323
s14T1622,0.4150920310405844,0.0,0.5849079689594157
s15T1622,0.7025747421644327,0.0,0.2974252578355673
s02M1722,1.0,0.0,0.0
s03M1722,1.0,0.0,0.0
s04M1722,0.9699014159771375,0.0,0.03009858402286247
s05M1722,0.9497941430040778,0.0,0.05020585699592223
s06M1722,0.9027980366121414,0.0017789804414893597,0.09542298294636917
s07M1722,0.807993678424551,5.025398046330097e-05,0.1919560675949856
s08M1722,0.0,0.0,1.0
s09M1722,0.08399622893835393,0.0,0.9160037710616462
s10M1722,0.16139848104784016,0.0,0.8386015189521598
s11M1722,0.07663707796078578,0.0,0.9233629220392142
s12M1722,0.11543830615406891,0.0,0.8845616938459311
s13M1722,0.10210560060784306,0.0,0.8978943993921569
s14M1722,0.2193279915104111,0.0,0.7806720084895888
s15M1722,0.503008886126932,0.0,0.49699111387306816
s01X1722,0.72803548749023,0.01973746614498963,0.25222704636478044
s02T1722,0.8570213200128052,0.003664007895833487,0.1393146720913614
s03T1722,0.7997850699510474,0.014221379300722894,0.1859935507482298
s04T1722,0.9495710078070765,0.0,0.05042899219292355
s05T1722,0.909454710469459,0.0,0.09054528953054095
s06T1722,0.9560257925362118,0.0,0.043974207463788134
s07T1722,0.5413362104770237,0.026745076948491892,0.43191871257448444
s08T1722,0.0,0.0,1.0
s09T1722,0.0,0.0,1.0
s10T1722,0.08768694072332874,0.0,0.9123130592766712
s11T1722,0.05988271511838143,0.0,0.9401172848816186
s12T1722,0.11997713862031852,0.0,0.8800228613796816
s13T1722,0.3672909991872645,0.0,0.6327090008127356
s14T1722,0.24280674908599467,0.0,0.7571932509140054
s15T1722,0.5303449298645259,0.0,0.469655070135474
s02M1822,0.5354109654603999,0.03171662887781111,0.43287240566178886
s03M1822,0.7999640077109819,0.0,0.20003599228901806
s04M1822,0.8073263885709635,0.010497962610104996,0.18217564881893153
s05M1822,1.0,0.0,0.0
s06M1822,1.0,0.0,0.0
s07M1822,1.0,0.0,0.0
s08M1822,0.0,0.0,1.0
s09M1822,0.0,0.0,1.0
s10M1822,0.03589387027300372,0.0,0.9641061297269963
s11M1822,0.07242459254730732,0.0,0.9275754074526926
s12M1822,0.026592167408319944,0.0,0.97340783259168
s13M1822,0.07156431313720471,0.0,0.9284356868627952
s14M1822,0.13929879738033102,0.0,0.860701202619669
s15M1822,0.5079759601253342,0.0,0.49202403987466586
s01X1822,0.7164490977394327,0.008504081735653686,0.2750468205249135
s02T1822,0.8968323041092031,0.0029379611910847034,0.10022973469971229
s03T1822,0.9349710282570576,0.0,0.06502897174294239
s04T1822,0.922775916034043,0.0014227729356060563,0.07580131103035101
s05T1822,0.9567050176893884,0.0,0.04329498231061165
s06T1822,0.9946944727755564,0.0,0.005305527224443646
s07T1822,0.941940270927496,0.0,0.05805972907250393
s08T1822,0.0,0.0,1.0
s09T1822,0.0,0.0,1.0
s10T1822,0.047559204711695474,0.0,0.9524407952883045
s11T1822,0.04483678807344821,0.0,0.9551632119265518
s12T1822,0.06960569379941603,0.0,0.930394306200584
s13T1822,0.07289766374614422,0.0,0.9271023362538559
s14T1822,0.26181045638515715,0.0,0.7381895436148428
s15T1822,0.67916069180972,0.0,0.3208393081902799
s02M1922,0.9368781314179975,0.002145970511145393,0.06097589807085719
s03M1922,1.0,0.0,0.0
s04M1922,1.0,0.0,0.0
s05M1922,1.0,0.0,0.0
s06M1922,1.0,0.0,0.0
s07M1922,1.0,0.0,0.0
s08M1922,0.0,0.0,1.0
s09M1922,0.15153627947667828,0.0,0.8484637205233218
s10M1922,0.027489385539112607,0.0,0.9725106144608874
s11M1922,0.013416734449333651,0.0,0.9865832655506663
s12M1922,0.016601788179956483,0.0,0.9833982118200435
s13M1922,0.18512452991092265,0.0,0.8148754700890773
s14M1922,0.30067064682372524,0.0,0.6993293531762748
s15M1922,0.7146533549112164,0.0,0.28534664508878366
s01X1922,0.700254046596916,0.057861390441854094,0.24188456296122973
s02T1922,0.7249299441241992,0.027992944658984904,0.24707711121681597
s03T1922,0.7727614166069956,0.018615104399983106,0.20862347899302136
s04T1922,0.8882813527056702,0.0,0.1117186472943299
s05T1922,0.8531190745104615,0.0007276756882676087,0.14615324980127084
s06T1922,0.8362508389276262,0.0,0.16374916107237383
s07T1922,0.8887019002088271,0.0,0.11129809979117296
s08T1922,0.0,0.0,1.0
s09T1922,0.09751864908729924,0.0,0.9024813509127008
s10T1922,0.052238747124057246,0.0,0.9477612528759428
s11T1922,0.07583918138558456,0.0,0.9241608186144155
s12T1922,0.1161319530837463,0.0,0.8838680469162538
s13T1922,0.21437685427475314,0.0,0.7856231457252469
s14T1922,0.2284153061688151,0.0,0.7715846938311848
s15T1922,0.5961057269536751,0.0,0.40389427304632497
s02M2022,0.8138143947213667,0.0,0.18618560527863334
s03M2022,0.6750062406462255,0.0,0.32499375935377445
s04M2022,1.0,0.0,0.0
s05M2022,0.9698660093929979,0.0,0.030133990607002024
s06M2022,0.9743759661042324,0.0,0.02562403389576763
s07M2022,0.9935730017434377,0.0,0.00642699825656238
s08M2022,0.0,0.0,1.0
s09M2022,0.0,0.0,1.0
s10M2022,0.0046861161847817495,0.0,0.9953138838152182
s11M2022,0.025827936907578636,0.0,0.9741720630924214
s12M2022,0.006168501808553613,0.0,0.9938314981914464
s13M2022,0.006809030240130199,0.0,0.9931909697598698
s14M2022,0.05677879541809814,0.0,0.9432212045819018
s15M2022,0.7537218241289739,0.0,0.24627817587102607
s02T2022,0.8491057313657273,0.05743122583737299,0.09346304279689972
s03T2022,0.8996853715909335,0.03393951964169318,0.06637510876737336
s04T2022,0.797981584688011,0.042583778564341424,0.15943463674764757
s05T2022,0.780227794654607,0.046088703011412484,0.17368350233398044
s06T2022,0.7932267079343698,0.040988213589141675,0.16578507847648855
s07T2022,0.6613085822305974,0.09756891373151004,0.24112250403789254
s08T2022,0.0,0.0,1.0
s09T2022,0.017670078230692186,0.0,0.9823299217693079
s10T2022,0.08303025641939624,0.0,0.9169697435806038
s11T2022,0.09495168409166886,0.0,0.9050483159083311
s12T2022,0.15079391604071696,0.0,0.8492060839592831
s13T2022,0.3379474179049074,0.0,0.6620525820950925
s14T2022,0.09864827116624368,0.0,0.9013517288337564
s15T2022,0.3095290220364135,0.0,0.6904709779635864
s02M2122,0.9034800558570174,0.019015791595351102,0.07750415254763154
s03M2122,0.997726326943791,0.0,0.0022736730562089875
s04M2122,1.0,0.0,0.0
s05M2122,1.0,0.0,0.0
s06M2122,1.0,0.0,0.0
s07M2122,1.0,0.0,0.0
s08M2122,0.0,0.0,1.0
s09M2122,0.0,0.0,1.0
s10M2122,0.03858894231144807,0.003668160062974425,0.9577428976255774
s11M2122,0.4677221942486933,0.0,0.5322778057513067
s12M2122,0.08131818140534966,0.01905436651819524,0.899627452076455
s13M2122,0.08297079914518679,0.0,0.9170292008548132
s14M2122,0.19773200437056718,0.0,0.8022679956294329
s15M2122,0.7848950998860985,0.02898441574779073,0.1861204843661107
s02T2122,0.8784423933302326,0.03722793240339796,0.08432967426636938
s03T2122,0.882756919554126,0.03528580589453814,0.08195727455133583
s04T2122,0.8942581792775686,0.023596983401729315,0.0821448373207022
s05T2122,0.8931165665481449,0.02543541709133546,0.08144801636051964
s06T2122,0.9592916589526235,0.0072667734905939325,0.03344156755678266
s07T2122,1.0,0.0,0.0
s08T2122,0.0,0.0,1.0
s09T2122,0.009509536315013351,0.010919363954662914,0.9795710997303237
s11T2122,0.27418755198489303,0.0,0.725812448015107
s12T2122,0.09315791345963699,0.0,0.906842086540363
s13T2122,0.34971504630771866,0.0,0.6502849536922813
s14T2122,0.4101322589101258,0.0,0.5898677410898742
s15T2122,0.5809867879658338,0.027675912456199644,0.39133729957796654
s02M2222,0.8383942359076576,0.047400217000906554,0.11420554709143588
s03M2222,0.8930496164813774,0.04039109054265676,0.06655929297596604
s04M2222,0.7689695996264111,0.02182530776236571,0.2092050926112231
s05M2222,0.7926927328445245,0.024723132075127982,0.18258413508034746
s06M2222,0.9090693445198496,0.0,0.09093065548015038
s07M2222,0.9271287160172407,0.005805688207855685,0.06706559577490366
s08M2222,0.0,0.0,1.0
s09M2222,0.030812903014515648,0.0,0.9691870969854842
s10M2222,0.0,0.015469245622234748,0.9845307543777653
s11M2222,0.0,0.0,1.0
s12M2222,0.016334028443546554,0.0,0.9836659715564534
s13M2222,0.0,0.025428174835308032,0.974571825164692
s15M2222,0.5114859792014981,0.012481563723247388,0.4760324570752545
s01X2222,0.6853155420321146,0.03909339168737148,0.27559106628051383
s02T2222,0.8110180501263924,0.05890584337855043,0.13007610649505721
s03T2222,0.7403702835541465,0.0763721959284331,0.18325752051742045
s04T2222,0.8820935467992984,0.03965821521108462,0.07824823798961698
s05T2222,0.9192820092871757,0.03229352847199583,0.04842446224082831
s06T2222,0.8921398221894582,0.034445362629768925,0.07341481518077299
s07T2222,0.9425583189182556,0.029573262012480294,0.027868419069264114
s08T2222,0.0,0.0,1.0
s09T2222,0.0,0.007793292340743678,0.9922067076592562
s10T2222,0.001916499978098834,0.009737642035430188,0.988345857986471
s11T2222,0.0,0.02407014308943197,0.975929856910568
s12T2222,0.012064715251398078,0.014815417456202594,0.9731198672923993
s13T2222,0.015533503126619642,0.016251011741180987,0.9682154851321993
s14T2222,0.35276228711160923,0.0529299870979497,0.5943077257904412
s15T2222,0.2930220175352807,0.0,0.7069779824647194
s02M2322,0.8162109861537599,0.07690261821708677,0.10688639562915339
s03M2322,0.7734774661521584,0.06976536497138051,0.15675716887646096
s04M2322,0.7828434590380525,0.0972418774851296,0.11991466347681784
s05M2322,0.8625957904468403,0.05147203470352056,0.08593217484963923
s06M2322,0.6724572149837901,0.09062703898000496,0.23691574603620497
s07M2322,0.6198480769886939,0.10744033250716568,0.27271159050414046
s08M2322,0.0,0.0,1.0
s09M2322,0.005794514501742967,0.0,0.9942054854982572
s10M2322,0.016308111802604414,0.0017304777286733825,0.9819614104687222
s11M2322,0.04567513274439368,0.0,0.9543248672556063
s12M2322,0.0,0.0,1.0
s13M2322,0.010205981875764198,0.0035360543951656162,0.9862579637290702
s14M2322,0.046584124387200006,0.0,0.9534158756128
s15M2322,0.1817053492270484,0.0,0.8182946507729516
s02T2322,0.6209461220058516,0.10663735252361263,0.2724165254705358
s03T2322,0.6508761983429783,0.11035419771832332,0.2387696039386986
s04T2322,0.6702288963014797,0.06647793500199997,0.2632931686965204
s05T2322,0.76190986806574,0.09029957549371481,0.1477905564405452
s06T2322,0.6735352589416654,0.07632822436828729,0.2501365166900474
s07T2322,0.5959877036113285,0.09677582087766608,0.3072364755110055
s08T2322,0.0,0.0,1.0
s09T2322,0.0,0.0008245346514422167,0.9991754653485577
s10T2322,0.0,0.0011778192872286205,0.9988221807127714
s11T2322,0.0,0.0037087022601766696,0.9962912977398233
s12T2322,0.07734638987597339,0.0,0.9226536101240266
s13T2322,0.0,0.006520774162001158,0.9934792258379987
s14T2322,0.05430813008343283,0.003698282835406173,0.941993587081161
s15T2322,0.4621157030041054,0.022472448724586095,0.5154118482713085
s02M2422,0.9574047432503018,0.037601875110833946,0.004993381638864294
s03M2422,0.9387385017287638,0.03533295795439048,0.02592854031684579
s04M2422,0.997719958755374,0.002280041244625953,0.0
s05M2422,0.9991781435323565,0.0008218564676434871,0.0
s06M2422,0.9882075078356856,0.011792492164314413,0.0
s07M2422,0.9696551297532586,0.03034487024674137,0.0
s08M2422,0.0,0.0,1.0
s09M2422,0.0,0.006438416589223632,0.9935615834107765
s10M2422,0.0,0.01068083804664266,0.9893191619533575
s11M2422,0.01828229205883346,0.024063760838319397,0.9576539471028471
s12M2422,0.08707334275755822,0.019691110033682874,0.8932355472087589
s13M2422,0.13768127317793763,0.008587088051704682,0.8537316387703577
s14M2422,0.2302338667292251,0.0,0.7697661332707749
s15M2422,0.8149564808672666,0.021173043002933677,0.16387047612979974
s01X2422,0.9965591617084324,0.0034408382915674758,0.0
s02T2422,1.0,0.0,0.0
s03T2422,0.9776890138506593,0.007000607126773511,0.015310379022567223
s04T2422,1.0,0.0,0.0
s05T2422,1.0,0.0,0.0
s06T2422,0.9725297715427619,0.010818820205423482,0.016651408251814576
s07T2422,0.8023325379894026,0.041794851631434184,0.15587261037916325
s08T2422,0.0,0.0,1.0
s09T2422,0.0,0.0,1.0
s10T2422,0.010647312130969486,0.020783496818095073,0.9685691910509354
s11T2422,0.0,0.024847282953006394,0.9751527170469936
s12T2422,0.048136603997763955,0.03160508527686193,0.9202583107253741
s13T2422,0.026001002656326166,0.0247051222554516,0.9492938750882223
s14T2422,0.315959830005367,0.0077656879134922535,0.6762744820811407
s15T2422,0.5844638921907296,0.01845799706259871,0.39707811074667176
s02M2522,0.8528529738152618,0.04012965702392628,0.10701736916081181
s03M2522,0.8014211962243661,0.06459881499900472,0.13397998877662917
s04M2522,0.8536557116991251,0.054652051863194454,0.09169223643768053
s05M2522,0.7140229179046177,0.07564782689852453,0.21032925519685775
s06M2522,0.7582893061769245,0.054274853428425224,0.18743584039465022
s07M2522,0.5253763396775032,0.07611687756689428,0.39850678275560253
s08M2522,0.0,0.0,1.0
s09M2522,0.0,0.03452219940438526,0.9654778005956148
s10M2522,0.0,0.04494912737414664,0.9550508726258534
s12M2522,0.0,0.028653664604773463,0.9713463353952265
s13M2522,0.012861698703975995,0.03771591249062402,0.9494223888053999
s14M2522,0.0837543607038866,0.04067097864646864,0.8755746606496448
s15M2522,0.28185538548264827,0.07858211916221958,0.6395624953551322
s01X2522,0.836722007340712,0.06637600630306327,0.0969019863562248
s02T2522,0.954115888369732,0.02601433436236317,0.019869777267904957
s03T2522,0.9846005711566015,0.008467277480824488,0.006932151362574118
s04T2522,0.9979908938099938,0.00200910619000605,0.0
s05T2522,0.9803131804467379,0.01588987925516908,0.003796940298093055
s06T2522,0.9182338554342901,0.026391145424307292,0.05537499914140262
s07T2522,0.852449287408006,0.05725503674126083,0.09029567585073332
s08T2522,0.0,0.0,1.0
s09T2522,0.0,0.0072334979166218975,0.992766502083378
s10T2522,0.0,0.029731236600752026,0.970268763399248
s11T2522,0.0,0.038278878156403906,0.961721121843596
s12T2522,0.0,0.05632405316198067,0.9436759468380193
s13T2522,0.0,0.07276216116942825,0.9272378388305718
s14T2522,0.01697036513409153,0.0917901008258144,0.891239534040094
s15T2522,0.5927736907491358,0.07015654929273779,0.3370697599581263
s02M2622,0.6291455815485382,0.12346859304408613,0.24738582540737558
s03M2622,0.7543560419831153,0.08452775307662933,0.16111620494025536
s04M2622,0.7580378126897175,0.08261148738452595,0.15935069992575657
s05M2622,0.6808895144867904,0.10442822405955599,0.21468226145365357
s06M2622,0.7377152212497798,0.0800842615933504,0.18220051715686977
s07M2622,0.3547056773623409,0.20857835784308779,0.4367159647945713
s08M2622,0.0,0.0,1.0
s09M2622,0.0,0.04465199364109157,0.9553480063589085
s10M2622,0.03402430015320562,0.09062258612912649,0.8753531137176679
s11M2622,0.0,0.07860420711021053,0.9213957928897896
s12M2622,0.0,0.09776554078985522,0.9022344592101448
s13M2622,0.0,0.08371847293527464,0.9162815270647253
s14M2622,0.0,0.1278257104541325,0.8721742895458675
s15M2622,0.24135633052726263,0.3327908779352513,0.425852791537486
s01X2622,0.5268423687731144,0.16961382293860014,0.3035438082882855
s02T2622,0.6578772033189914,0.16942238156825865,0.17270041511274992
s03T2622,0.6535127687023915,0.13960173388586417,0.20688549741174436
s04T2622,0.4886626964802206,0.22836489666595103,0.2829724068538284
s05T2622,0.6414199934410122,0.13765345326419723,0.22092655329479058
s06T2622,0.5409466512810649,0.1353785420509382,0.3236748066679969
s07T2622,0.2629105073136097,0.35435208962391573,0.3827374030624746
s08T2622,0.0,0.0,1.0
s09T2622,0.0,0.02070111296607083,0.9792988870339291
s10T2622,0.0,0.020872410812074676,0.9791275891879254
s11T2622,0.0,0.01802065565956195,0.981979344340438
s12T2622,0.0,0.041044209136051966,0.9589557908639481
s13T2622,0.0,0.02937008136858755,0.9706299186314126
s14T2622,0.0,0.06913767720073306,0.930862322799267
s15T2622,0.07460197095140379,0.17525848567366004,0.7501395433749362
s02M2722,0.5732341874730242,0.14777006329919698,0.2789957492277787
s03M2722,0.511397347107937,0.171805979018583,0.31679667387348
s04M2722,0.47714730120484694,0.1645785282073004,0.3582741705878527
s05M2722,0.5372350884975393,0.16406777428640826,0.2986971372160524
s06M2722,0.5187514941120154,0.1517147659259545,0.3295337399620301
s07M2722,0.581870613375891,0.15296379530463616,0.2651655913194729
s08M2722,0.0,0.0,1.0
s09M2722,0.0,0.05472864098813256,0.9452713590118675
s10M2722,0.0,0.04248239182471013,0.95751760817529
s11M2722,0.01331652855723225,0.057124871616587386,0.9295585998261803
s12M2722,0.011531266536388645,0.05221915609063332,0.936249577372978
s13M2722,0.06686227275458985,0.040245373725218074,0.892892353520192
s14M2722,0.1437008598901397,0.059283820560603856,0.7970153195492564
s15M2722,0.33185969165825513,0.26948592664557214,0.39865438169617273
s01X2722,0.4836447777751749,0.1717595427457817,0.3445956794790434
s02T2722,0.8144311380121543,0.07802245329331527,0.10754640869453039
s03T2722,0.8968671854228728,0.05606060793804502,0.04707220663908215
s04T2722,0.9572758691469511,0.03492685807231588,0.0077972727807329905
s05T2722,0.9657519000333205,0.03176558644856541,0.002482513518114064
s06T2722,0.8666000074140715,0.04780438490959061,0.08559560767633792
s07T2722,0.980506777795002,0.019493222204998068,0.0
s08T2722,0.0,0.0,1.0
s09T2722,0.014270296855784416,0.06323798798853923,0.9224917151556763
s10T2722,0.022712592369193787,0.0992919625414059,0.8779954450894003
s11T2722,0.06030677471178854,0.1072387274459748,0.8324544978422367
s12T2722,0.03354505507041508,0.05694398384296308,0.9095109610866218
s13T2722,0.17295175721127112,0.11335473348578008,0.7136935093029487
s14T2722,0.5509052993944903,0.13132220619294674,0.317772494412563
s15T2722,0.7814924921092233,0.08117693330665181,0.13733057458412495
s02M2822,0.5520261007184704,0.30472844956615136,0.14324544971537834
s03M2822,0.494716080504607,0.3192472658886373,0.18603665360675584
s04M2822,0.7994287419540403,0.12950504708855484,0.07106621095740469
s05M2822,0.6557958570823622,0.16377296179636394,0.18043118112127388
s06M2822,0.8588137133917005,0.07418559164044984,0.06700069496784969
s07M2822,0.911576413953992,0.07063571324072572,0.017787872805282184
s08M2822,0.0,0.0,1.0
s09M2822,0.0,0.0066295223118152825,0.9933704776881846
s10M2822,0.0,0.020777125285373423,0.9792228747146265
s11M2822,0.01938908916664556,0.03193669733054069,0.9486742135028138
s12M2822,0.2692843775824579,0.2244310477292487,0.5062845746882935
s13M2822,0.19915837900093192,0.37248804419341097,0.4283535768056573
s14M2822,0.3027218641879797,0.2879996633800154,0.4092784724320049
s15M2822,0.42397313117114577,0.31794397378947514,0.2580828950393791
s01X2822,0.4114610941871911,0.3472255882648015,0.24131331754800736
s02T2822,0.706893733402811,0.2437763167839975,0.04932994981319149
s03T2822,0.6631633155774177,0.30573170749961986,0.031104976922962366
s04T2822,0.6334074475043009,0.31841229493031636,0.04818025756538276
s05T2822,0.7563898012273131,0.14400762795648264,0.09960257081620426
s06T2822,0.6257124963973509,0.24249773360106291,0.13178977000158607
s07T2822,0.48840385961611493,0.3805191250740532,0.13107701530983182
s08T2822,0.0,0.0,1.0
s09T2822,0.0,0.013351372981815268,0.9866486270181847
s10T2822,0.18758551212970082,0.0252080007181639,0.7872064871521354
s11T2822,0.06287250951838916,0.03748382943517139,0.8996436610464396
s12T2822,0.03608121198368033,0.06441799952935748,0.8995007884869621
s13T2822,0.18470156660438009,0.092630569323869,0.7226678640717509
s14T2822,0.09237675712763996,0.4567067778198004,0.4509164650525596
s15T2822,0.33507091631599617,0.5305216731066702,0.1344074105773336
s02M2922,0.19488196143300962,0.8051180385669903,0.0
s03M2922,0.23606530550356483,0.7639346944964351,0.0
s04M2922,0.7579475303844072,0.24205246961559282,0.0
s05M2922,0.9205962287736028,0.03265079252772586,0.04675297869867138
s06M2922,0.7443480294733604,0.2556519705266396,0.0
s07M2922,0.4100858296742543,0.5899141703257458,0.0
s08M2922,0.0,0.0,1.0
s09M2922,0.0,0.017780651757111104,0.9822193482428889
s10M2922,0.0,0.04735021643677171,0.9526497835632283
s11M2922,0.0,0.03615343492947922,0.9638465650705208
s12M2922,0.0,0.0684878745307144,0.9315121254692856
s13M2922,0.0,0.09576934952580309,0.9042306504741969
s14M2922,0.01613052908142064,0.22598727097678167,0.7578821999417977
s15M2922,0.2497921065135576,0.545854281026833,0.2043536124596095
s01X2922,0.10506258655185119,0.8949374134481489,0.0
s02T2922,0.19958961678511408,0.6762423385257551,0.12416804468913074
s03T2922,0.13384315640159644,0.8006655773733433,0.06549126622506016
s04T2922,0.21203803142257108,0.665877211734122,0.12208475684330694
s05T2922,0.22087192230656344,0.6228167661507878,0.15631131154264866
s06T2922,0.4395192226356813,0.3853614154392274,0.17511936192509137
s07T2922,0.15871652501636907,0.6663146647922122,0.17496881019141863
s08T2922,0.0,0.0,1.0
s09T2922,0.0,0.290238172840774,0.7097618271592261
s10T2922,0.0,0.31910596233652316,0.6808940376634768
s11T2922,0.0,0.3850631029045332,0.6149368970954668
s12T2922,0.0,0.4553717852497989,0.5446282147502011
s13T2922,0.0,0.269932756603816,0.730067243396184
s14T2922,0.0,0.5745025976951627,0.42549740230483735
s15T2922,0.0043856075454807115,0.7921373864393962,0.2034770060151231
s02M3022,0.27952064866800436,0.708746599361832,0.011732751970163716
s03M3022,0.5219690596188814,0.3522448432437417,0.12578609713737698
s04M3022,0.6150471297799533,0.2159568984495881,0.16899597177045847
s05M3022,0.9276893192374291,0.07231068076257084,0.0
s06M3022,0.8526835736715308,0.11457868754378109,0.03273773878468828
s07M3022,0.36433900679203063,0.5944083017493839,0.04125269145858548
s08M3022,0.0,0.0,1.0
s09M3022,0.0,0.2986352008784884,0.7013647991215116
s10M3022,0.0,0.28236115813926904,0.717638841860731
s11M3022,0.0,0.41959423549661673,0.5804057645033832
s12M3022,0.07516283210892812,0.22636679291321057,0.6984703749778614
s13M3022,0.07478593933544038,0.19195014919679432,0.7332639114677654
s14M3022,0.24824095761038825,0.22122319070865323,0.5305358516809586
s15M3022,0.1550368481193255,0.7407637049740327,0.10419944690664193
s01X3022,0.38661392599715944,0.6133860740028406,0.0
s02T3022,0.6647569287826611,0.33003934244223204,0.005203728775106753
s03T3022,0.6575526811944601,0.18846375345647312,0.15398356534906682
s04T3022,0.6806499812723233,0.19717399691346948,0.12217602181420723
s05T3022,0.689973004718398,0.21037761737166336,0.09964937790993869
s06T3022,0.6106864217783844,0.2383993113381283,0.15091426688348714
s07T3022,0.7628038214305605,0.23719617856943956,0.0
s08T3022,0.0,0.0,1.0
s09T3022,0.0990610547982935,0.12330469906800966,0.7776342461336969
s10T3022,0.17627940584425544,0.13601293078014304,0.6877076633756015
s11T3022,0.2589165928467508,0.11533177955848148,0.6257516275947677
s12T3022,0.32554657127779163,0.2847184826265995,0.3897349460956089
s13T3022,0.3539792696804274,0.1910385936222667,0.4549821366973059
s14T3022,0.3508864880926667,0.42563620630573024,0.22347730560160303
s15T3022,0.3714097969058791,0.6159240620335972,0.01266614106052373
s02M3122,0.11415477593826244,0.8858452240617376,0.0
s03M3122,0.2741148892780835,0.5888685147832905,0.13701659593862597
s04M3122,0.18894374070138917,0.7865321004224338,0.02452415887617716
s05M3122,0.3474298120681855,0.43967971938396994,0.2128904685478447
s06M3122,0.12719059118891604,0.872809408811084,0.0
s07M3122,0.21075246124009117,0.7519533612062151,0.03729417755369372
s08M3122,0.0,0.0,1.0
s09M3122,0.0,0.8022028549653837,0.19779714503461626
s10M3122,0.010629842128898738,0.6467236143602383,0.34264654351086293
s11M3122,0.0,0.8721295882286622,0.12787041177133793
s12M3122,0.0,0.882372663893953,0.11762733610604717
s13M3122,0.0,0.9529176583916689,0.04708234160833111
s14M3122,0.08922707117959679,0.9107729288204033,0.0
s15M3122,0.0,0.7449668137102837,0.2550331862897163
s01X3122,0.2026792797737792,0.7041265402877049,0.09319417993851589
s02T3122,0.1548117229763566,0.8451882770236433,0.0
s03T3122,0.2657468756227856,0.7342531243772145,0.0
s04T3122,0.5370299142305938,0.42986849376912606,0.033101592000280226
s05T3122,0.6427677828876871,0.35723221711231284,0.0
s06T3122,0.6308689450162441,0.3691310549837559,0.0
s07T3122,0.0883404641485978,0.9116595358514021,0.0
s08T3122,0.0,0.0,1.0
s09T3122,0.0,0.7445878685078171,0.2554121314921828
s10T3122,0.0,1.0,0.0
s11T3122,0.0,0.9608230046299272,0.03917699537007274
s12T3122,0.0,1.0,0.0
s13T3122,0.0,0.9941035026845906,0.005896497315409544
s14T3122,0.0,0.9546632670580332,0.045336732941966815
s15T3122,0.0,1.0,0.0
s03M3222,0.7122553764730284,0.2877446235269716,0.0
s04M3222,0.5953537626061721,0.404646237393828,0.0
s05M3222,0.8154558045402447,0.17266799180936934,0.011876203650385954
s06M3222,0.8052356620571078,0.1947643379428921,0.0
s07M3222,0.19550246962819207,0.8044975303718079,0.0
s08M3222,0.0,0.0,1.0
s09M3222,0.0,0.2130782098369915,0.7869217901630086
s10M3222,0.0,0.33090739708458494,0.6690926029154151
s11M3222,0.0,0.4693234349658033,0.5306765650341968
s12M3222,0.0,0.6985068696552048,0.3014931303447951
s13M3222,0.0,0.812410699812365,0.18758930018763495
s14M3222,0.033621700628989386,0.6935981104120114,0.27278018895899936
s15M3222,0.0863854442591657,0.9136145557408344,0.0
s01X3222,0.1906919290086866,0.8093080709913134,0.0
s02T3222,0.7132322688576221,0.28483243429148536,0.001935296850892469
s03T3222,0.7467979668255526,0.25320203317444756,0.0
s04T3222,0.28724831302934345,0.7127516869706566,0.0
s05T3222,0.5848451131814975,0.33582508883877765,0.07932979797972488
s06T3222,0.8567693683888895,0.14323063161111046,0.0
s07T3222,0.6834759448381579,0.294683918330206,0.02184013683163621
s08T3222,0.0,0.0,1.0
s09T3222,0.0,0.26779873090795414,0.7322012690920459
s10T3222,0.0,0.3371604118782791,0.6628395881217208
s11T3222,0.0,0.3357959224202193,0.6642040775797807
s12T3222,0.0,0.5902266876249136,0.40977331237508635
s13T3222,0.0,0.40040638344031904,0.5995936165596809
s14T3222,0.0,1.0,0.0
s15T3222,0.034436388017734666,0.7549551800081729,0.2106084319740925
s02M3322,0.3211835347389715,0.6788164652610286,0.0
s03M3322,0.5560869649110822,0.4439130350889178,0.0
s04M3322,0.04291668728200987,0.9570833127179901,0.0
s05M3322,0.33990386862267347,0.6261815840748558,0.033914547302470704
s06M3322,0.7834106697409355,0.16203672342573186,0.05455260683333267
s07M3322,0.3597661188455776,0.5392630102741497,0.10097087088027264
s08M3322,0.0,0.0,1.0
s09M3322,0.0,0.20343304815183208,0.7965669518481678
s10M3322,0.0,0.36901176241013617,0.6309882375898638
s11M3322,0.0,0.3816210047881487,0.6183789952118512
s12M3322,0.03640015882736906,0.4055999939255509,0.5579998472470802
s13M3322,0.015115232836693158,0.4373359363392391,0.5475488308240678
s14M3322,0.04417096338725904,0.6114732567283198,0.3443557798844212
s15M3322,0.047277597483160926,0.7242924778402394,0.2284299246765996
s01X3322,0.45462349843244854,0.43234368825112107,0.11303281331643045
s02T3322,0.3312867156627738,0.45613609026508484,0.2125771940721413
s03T3322,0.34828345669769323,0.3438254685978173,0.3078910747044894
s04T3322,0.49662839830007777,0.32773081302512147,0.17564078867480068
s05T3322,0.4596040090934891,0.3182972982690897,0.2220986926374213
s06T3322,0.49583309265938214,0.26759617253563683,0.23657073480498106
s07T3322,0.29231596019921924,0.4671793106877988,0.240504729112982
s08T3322,0.0,0.0,1.0
s09T3322,0.0,0.4509875713146182,0.5490124286853818
s10T3322,0.0,0.7206782221919664,0.27932177780803363
s11T3322,0.0,0.47323651529462074,0.5267634847053793
s12T3322,0.012757598198333955,0.7813520566700993,0.20589034513156662
s13T3322,0.12840324207201007,0.7342069144809698,0.13738984344702013
s14T3322,0.10878507417172179,0.7907211766025412,0.10049374922573699
s15T3322,0.13133737692899802,0.7638957725536898,0.10476685051731224
s02M3422,0.41583271134292227,0.36407362096666557,0.22009366769041216
s03M3422,0.37468264148695124,0.3911125774182578,0.23420478109479098
s04M3422,0.4434900306592176,0.32359358817887285,0.23291638116190946
s05M3422,0.2722088808141452,0.4366736555106041,0.2911174636752507
s06M3422,0.6599598769979836,0.19988889099885793,0.1401512320031584
s07M3422,0.22472324260557855,0.5512551999438103,0.22402155745061111
s08M3422,0.0,0.0,1.0
s09M3422,0.0,0.06914437032895861,0.9308556296710414
s10M3422,0.0,0.15854505372504568,0.8414549462749542
s11M3422,0.0,0.16786808307715784,0.8321319169228422
s12M3422,0.003988888021463444,0.9238269618657007,0.07218415011283595
s13M3422,0.181528238115617,0.6322823727334634,0.1861893891509196
s14M3422,0.11643620038662118,0.7931596411263949,0.09040415848698388
s15M3422,0.10336396657880337,0.8500167217256063,0.04661931169559038
s01X3422,0.3530929742932239,0.513032987417391,0.13387403828938504
s02T3422,0.309247720190667,0.6836366954078787,0.007115584401454285
s03T3422,0.548093832260462,0.41407644823572254,0.0378297195038154
s04T3422,0.35344701622171704,0.5468002680740747,0.09975271570420834
s05T3422,0.33669916764565383,0.5014386968550982,0.161862135499248
s06T3422,0.34420478788786735,0.5689166570272661,0.0868785550848666
s07T3422,0.05630082532974343,0.9436991746702565,0.0
s08T3422,0.0,0.0,1.0
s09T3422,0.0,0.4316866399862759,0.5683133600137241
s10T3422,0.0,0.48134190455446574,0.5186580954455342
s11T3422,0.0,0.6818294316398783,0.3181705683601217
s12T3422,0.007385825887763015,0.685979839177511,0.30663433493472586
s13T3422,0.0,0.7599681922505478,0.24003180774945224
s14T3422,0.002406611549389073,0.8145077261129989,0.18308566233761198
s15T3422,0.29872498039076717,0.48468749683286977,0.21658752277636298
s02M3522,0.5127403576353526,0.31938585366632966,0.1678737886983178
s03M3522,0.28759905747161324,0.37354342273673924,0.3388575197916476
s04M3522,0.621414467644198,0.18448107813200054,0.1941044542238015
s05M3522,0.40208971659585424,0.3181000578211656,0.27981022558298
s06M3522,0.3582312909669381,0.33652097397651887,0.30524773505654296
s07M3522,0.5019577040811068,0.2938069523416898,0.20423534357720324
s08M3522,0.0,0.0,1.0
s09M3522,0.0,0.4485384173539517,0.5514615826460483
s10M3522,0.0,0.683016732784973,0.31698326721502695
s11M3522,0.0,0.7514814601016813,0.2485185398983188
s12M3522,0.038603114854949536,0.6646570252055525,0.296739859939498
s13M3522,0.06672023058425994,0.73869543012409,0.1945843392916499
s14M3522,0.09339068472456975,0.6360846893422087,0.2705246259332214
s15M3522,0.25413981113042877,0.5839456017147491,0.16191458715482218
s01X3522,0.5826511637011673,0.19462548624792392,0.22272335005090868
s02T3522,0.2560679474981766,0.6700188487514288,0.07391320375039452
s03T3522,0.218485661232981,0.7671925136473815,0.0143218251196375
s04T3522,0.3535162662634801,0.46999832495861826,0.1764854087779017
s05T3522,0.30518342426955797,0.4068555077513414,0.28796106797910065
s06T3522,0.44410235222526306,0.36391973251769255,0.19197791525704438
s07T3522,0.18316280431338164,0.7404726826567001,0.07636451302991827
s08T3522,0.0,0.0,1.0
s09T3522,0.0,0.4508159847470487,0.5491840152529514
s10T3522,0.0,0.5606660405641548,0.4393339594358451
s11T3522,0.006141136012571232,0.6665835582502064,0.32727530573722247
s12T3522,0.07214235016389395,0.6060738021278922,0.32178384770821394
s13T3522,0.030192590633149673,0.6532651987930741,0.31654221057377624
s14T3522,0.13682224083719896,0.5658877491541647,0.29729001000863625
s15T3522,0.23636694393401722,0.5626534648192884,0.20097959124669446
s02M3622,0.5685969095609924,0.3927336451506398,0.038669445288367896
s03M3622,0.5605053710672564,0.4013379275139796,0.03815670141876395
s04M3622,0.5289618265086526,0.3489741334631008,0.12206404002824664
s05M3622,0.5973072681327032,0.32032150552578253,0.0823712263415142
s06M3622,0.7087675370922967,0.19301716393031745,0.09821529897738593
s07M3622,0.5233581268377921,0.3293551966374485,0.1472866765247593
s08M3622,0.0,0.0,1.0
s09M3622,0.13786835955176266,0.4220101695196505,0.4401214709285869
s10M3622,0.038354595929698226,0.5510469631501878,0.41059844092011405
s11M3622,0.02510761965789254,0.6667676271010018,0.3081247532411057
s12M3622,0.02187289816395076,0.6457812236933443,0.33234587814270494
s13M3622,0.029190857537005673,0.45463312645634973,0.5161760160066445
s14M3622,0.1357254516404016,0.3996459314620087,0.46462861689758966
s15M3622,0.15923450364535388,0.6661179458667476,0.17464755048789846
s01X3622,0.4463842525300727,0.5161105916336903,0.037505155836237015
s02T3622,0.2865926866378503,0.5464570512156615,0.1669502621464882
s03T3622,0.3265356462348973,0.5028372108302334,0.17062714293486927
s04T3622,0.3811369743958188,0.4637238363208163,0.15513918928336498
s05T3622,0.3339263877784797,0.4406511534051079,0.22542245881641246
s06T3622,0.28658338772224534,0.59294476903922,0.12047184323853478
s07T3622,0.3071633705612428,0.6608154196211646,0.032021209817592475
s08T3622,0.0,0.0,1.0
s09T3622,0.16886606158309206,0.5635110671439746,0.26762287127293344
s10T3622,0.3026079901611479,0.44224075634308946,0.2551512534957626
s11T3622,0.12501272329047255,0.7109661896596591,0.16402108704986829
s12T3622,0.08219291871151443,0.8161814147149778,0.10162566657350769
s13T3622,0.14260086574327407,0.5266539023513913,0.33074523190533467
s14T3622,0.1329243684872149,0.6756845557266448,0.19139107578614026
s15T3622,0.32514775307782134,0.5829767257454812,0.09187552117669741
s02M3722,0.28035268243241346,0.5215568491097294,0.19809046845785708
s03M3722,0.1452364866077456,0.7989586986598521,0.05580481473240221
s04M3722,0.5200558660290759,0.3163213672755116,0.1636227666954124
s05M3722,0.40366601919831074,0.3728682041214329,0.22346577668025638
s06M3722,0.6251483822659656,0.1613945964707492,0.21345702126328506
s07M3722,0.29963960633430414,0.5546898578392009,0.145670535826495
s08M3722,0.0,0.0,1.0
s09M3722,0.0,0.5778691195959427,0.4221308804040572
s10M3722,0.008349997322164735,0.576219935441573,0.4154300672362622
s11M3722,0.02760849248425367,0.6459035209830654,0.326487986532681
s12M3722,0.024192022478017876,0.5811501968615526,0.3946577806604295
s13M3722,0.08030979894193727,0.5526499811454963,0.3670402199125663
s14M3722,0.28137954373307444,0.516370918078535,0.20224953818839056
s15M3722,0.1071479216161331,0.8318180645411698,0.061034013842696966
s01X3722,0.18055827132882876,0.7502002021220323,0.06924152654913894
s02T3722,0.5998956177347764,0.24967931088820275,0.15042507137702082
s03T3722,0.5904016064251573,0.258572272646698,0.1510261209281446
s04T3722,0.6414997890481894,0.18525020057638295,0.1732500103754278
s05T3722,0.7622631631091504,0.11361970705460148,0.12411712983624823
s06T3722,0.6667789012536166,0.14905879028719488,0.18416230845918852
s07T3722,0.7625891296715591,0.19157189694460242,0.045838973383838466
s08T3722,0.0,0.0,1.0
s09T3722,0.008563857902852435,0.45378052846075356,0.537655613636394
s10T3722,0.16906405168723224,0.48029176664560325,0.35064418166716443
s11T3722,0.08147179119189961,0.5888155743358644,0.329712634472236
s12T3722,0.4376805780514475,0.31650903225620874,0.24581038969234378
s13T3722,0.24953253251910198,0.5185391030191292,0.23192836446176873
s14T3722,0.5907034101084848,0.31341479395802224,0.09588179593349289
s15T3722,0.5076915954588682,0.40193955369774165,0.0903688508433901
s02M3822,0.6038184251785157,0.2499523560393322,0.14622921878215211
s03M3822,0.5348459307907537,0.25358681388511656,0.2115672553241298
s04M3822,0.5214269602556623,0.26547007755991797,0.21310296218441974
s05M3822,0.67573295285227,0.1940494148026996,0.13021763234503034
s06M3822,0.6204548163711409,0.20202703829462468,0.1775181453342345
s07M3822,0.4215793807302387,0.39436347409489775,0.18405714517486343
s08M3822,0.0,0.0,1.0
s09M3822,0.0,0.05969614992227333,0.9403038500777267
s10M3822,0.14468005790688357,0.08298256923735947,0.7723373728557569
s11M3822,0.19797439324796962,0.12416956416870407,0.6778560425833262
s12M3822,0.5204765807445078,0.21484151861899503,0.2646819006364972
s13M3822,0.5309141819422166,0.24991986319599502,0.21916595486178825
s14M3822,0.4045330573168802,0.3043169822324783,0.2911499604506417
s15M3822,0.4232723130697165,0.3406882673970479,0.23603941953323546
s01X3822,0.6124751553278561,0.28411198365660323,0.10341286101554054
s02T3822,0.4241328095945732,0.4115988704839688,0.16426831992145802
s03T3822,0.19241349033753888,0.6260525656568304,0.18153394400563067
s04T3822,0.33177395641733143,0.4269912356890514,0.24123480789361706
s05T3822,0.24241885000659305,0.4162166268657566,0.3413645231276503
s06T3822,0.6422914240335599,0.14649024025537513,0.21121833571106502
s07T3822,0.3952728582203543,0.07353166222098403,0.5311954795586616
s08T3822,0.0,0.0,1.0
s09T3822,0.0,0.050552742075437744,0.9494472579245622
s10T3822,0.0,0.07203836879827215,0.9279616312017278
s11T3822,0.0,0.05421798123717767,0.9457820187628223
s12T3822,0.0,0.0602688185435858,0.9397311814564141
s13T3822,0.0,0.0832500930151145,0.9167499069848856
s14T3822,0.13990404425161765,0.08416074208631505,0.7759352136620672
s15T3822,0.25309886208517957,0.23119017266919292,0.5157109652456275
s02M3922,0.4024459605941234,0.3807171952874213,0.21683684411845539
s03M3922,0.29253284610444613,0.5511541936771513,0.15631296021840263
s04M3922,0.3441467944388148,0.47862842449410337,0.1772247810670818
s05M3922,0.2909512734036983,0.45376173214484455,0.25528699445145725
s06M3922,0.8180713623563118,0.08443425264599572,0.09749438499769236
s07M3922,0.4238086450195574,0.38644944451527335,0.18974191046516936
s08M3922,0.0,0.0,1.0
s09M3922,0.08430437485567847,0.10408798894428502,0.8116076362000366
s10M3922,0.0533548012036075,0.08960036386399726,0.8570448349323952
s11M3922,0.12513194689122642,0.08214004941652585,0.7927280036922477
s12M3922,0.35869966758483984,0.045117893188421306,0.5961824392267389
s13M3922,0.2488248802388574,0.05954359892964814,0.6916315208314944
s14M3922,0.5876135383075118,0.025867686576748452,0.3865187751157397
s15M3922,0.34643030688853166,0.07784309831137019,0.5757265948000981
s01X3922,0.248736407455817,0.5288798808838117,0.22238371166037138
s02T3922,0.3314124628041287,0.4365992952557877,0.23198824194008355
s03T3922,0.3822812631965296,0.3385293205312446,0.27918941627222565
s04T3922,0.37165075229569766,0.314859586428231,0.3134896612760713
s05T3922,0.42038084222476624,0.3158226135106461,0.26379654426458765
s06T3922,0.4744319667881627,0.16391232088796526,0.361655712323872
s07T3922,0.4027265583333125,0.36387221036403006,0.2334012313026575
s08T3922,0.0,0.0,1.0
s09T3922,0.0,0.07390597071186493,0.926094029288135
s10T3922,0.007492535147741014,0.08844968623252529,0.9040577786197338
s11T3922,0.07924043529009171,0.046737751330451736,0.8740218133794566
s12T3922,0.41129681535655743,0.02163299966865137,0.5670701849747911
s13T3922,0.14262906219139895,0.06610589669671371,0.7912650411118873
s14T3922,0.6153243538361529,0.01644277483484779,0.3682328713289992
s15T3922,0.4924252562285865,0.11526983420565348,0.39230490956576
s02M4022,0.7094868730231042,0.08503974458782433,0.2054733823890715
s03M4022,0.6169494687216631,0.10582099957175868,0.27722953170657816
s04M4022,0.5495583421335059,0.16946874291589695,0.2809729149505973
s05M4022,0.4291068681591428,0.31366470602793256,0.2572284258129247
s06M4022,0.4639434157276977,0.2636243807845675,0.2724322034877347
s07M4022,0.5326330566175862,0.31742122069386186,0.1499457226885519
s08M4022,0.0,0.0,1.0
s09M4022,0.07945766377732925,0.03698544974303525,0.8835568864796355
s10M4022,0.3909496401290344,0.02380982175700342,0.585240538113962
s11M4022,0.4765962107722339,0.012581005064375768,0.5108227841633902
s12M4022,0.5869488587771526,0.02605407739286302,0.3869970638299844
s13M4022,0.530239800657153,0.021207691241730324,0.4485525081011167
s14M4022,0.6377170554011056,0.022171663093951327,0.340111281504943
s15M4022,0.5808599768586811,0.13482303007115456,0.2843169930701643
s01X4022,0.7128957361816538,0.1321921878672427,0.15491207595110337
s02T4022,0.469547147226673,0.25171472926670735,0.27873812350661964
s03T4022,0.34711907181502993,0.3853396766185003,0.2675412515664695
s04T4022,0.4555640224689454,0.19108599749062327,0.3533499800404313
s05T4022,0.5605224350597645,0.14960263747892688,0.28987492746130866
s06T4022,0.5217642547788767,0.17274269236962916,0.30549305285149425
s07T4022,0.6455834138842215,0.1357645492437368,0.21865203687204177
s08T4022,0.0,0.0,1.0
s09T4022,0.02837591788080556,0.04790867177836357,0.9237154103408308
s10T4022,0.2598088882337989,0.0361206587170283,0.7040704530491728
s11T4022,0.2548590394090429,0.03300417824599464,0.7121367823449626
s12T4022,0.3233161416710326,0.03890760151463981,0.6377762568143276
s13T4022,0.3888867979048588,0.035139885657486575,0.5759733164376546
s14T4022,0.48308061222550835,0.049590547664795696,0.46732884010969594
s15T4022,0.44078341865082227,0.09739144661504122,0.4618251347341366
s02M4122,0.47706304711339037,0.21162942182697989,0.3113075310596297
s03M4122,0.3040996247119391,0.25288161160695666,0.4430187636811043
s04M4122,0.7165387080590474,0.06953827181097676,0.21392302012997577
s05M4122,0.7398651470053064,0.04655048565021385,0.21358436734447972
s06M4122,0.7903798728930108,0.044218771581209675,0.16540135552577956
s07M4122,0.6344271438258806,0.09941386448954112,0.26615899168457824
s08M4122,0.0,0.0,1.0
s09M4122,0.08675277733857614,0.049976507220141214,0.8632707154412826
s10M4122,0.019245008520625294,0.044214935937575944,0.9365400555417988
s11M4122,0.006081121596296332,0.04379318128840419,0.9501256971152995
s12M4122,0.23576248958280532,0.027635067459343347,0.7366024429578513
s13M4122,0.24669462972009437,0.02536895745419288,0.7279364128257128
s14M4122,0.38292669329668416,0.024948582064658578,0.5921247246386573
s15M4122,0.3969514172318746,0.06021853518429519,0.5428300475838304
s01X4122,0.39245260269332843,0.19523982632714978,0.4123075709795218
s02T4122,0.4786931101810076,0.19403936451026033,0.32726752530873227
s03T4122,0.5192466727406488,0.20143045995206965,0.27932286730728134
s04T4122,0.5250115625960728,0.15350812798410335,0.32148030941982386
s05T4122,0.4916449420523478,0.15975326596184158,0.34860179198581065
s06T4122,0.4201804977788771,0.2133770538956365,0.36644244832548645
s07T4122,0.2436271922867275,0.31041195459090787,0.44596085312236455
s08T4122,0.0,0.0,1.0
s09T4122,0.0,0.0472101908137825,0.9527898091862175
s10T4122,0.0,0.05408327806522287,0.9459167219347772
s11T4122,0.0,0.03048593386016384,0.969514066139836
s12T4122,0.16038902876375158,0.020175740849671255,0.8194352303865772
s13T4122,0.01710331848112884,0.041734765189889445,0.9411619163289817
s14T4122,0.24768899522325535,0.023223829853963224,0.7290871749227814
s15T4122,0.3577177105584354,0.040163943628123436,0.6021183458134411
s02M4222,0.5773191085034823,0.10674042306565586,0.31594046843086177
s03M4222,0.5042339453507364,0.21699265770473875,0.278773396944525
s04M4222,0.8451250627659477,0.03975089805343667,0.11512403918061549
s05M4222,0.8001532219451217,0.07870931916186413,0.12113745889301424
s06M4222,0.8464304779779358,0.016307459334943302,0.13726206268712104
s07M4222,0.24869330227031955,0.17610944926790947,0.575197248461771
s08M4222,0.0,0.0,1.0
s09M4222,0.055074784829914576,0.002727550842324704,0.9421976643277606
s10M4222,0.04659593306996399,0.0,0.953404066930036
s11M4222,0.0024412497801555586,0.018637360017447726,0.9789213902023968
s12M4222,0.15542254864896676,0.0,0.8445774513510333
s13M4222,0.1744308505378825,0.0,0.8255691494621176
s14M4222,0.3022087642312025,0.0,0.6977912357687974
s15M4222,0.14612453343557558,0.0650591824013967,0.7888162841630277
s01X4222,0.33805189651954565,0.10417059991076191,0.5577775035696924
s02T4222,0.6477698058738984,0.1543218614400658,0.19790833268603575
s03T4222,0.6100019210158747,0.15488196925828418,0.23511610972584104
s04T4222,0.6579385191290171,0.07925149358669195,0.2628099872842909
s05T4222,0.7192600260958173,0.09813310090495077,0.1826068729992321
s06T4222,0.6813414847527023,0.061146702482222814,0.2575118127650749
s07T4222,0.3005027946146552,0.28886180542635664,0.4106353999589881
s08T4222,0.0,0.0,1.0
s09T4222,0.0,0.0,1.0
s10T4222,0.11782043037539108,0.004123528950674402,0.8780560406739345
s11T4222,0.00902150474396235,0.009099847310000584,0.9818786479460371
s12T4222,0.0028490796609038586,0.014811919673594347,0.9823390006655017
s13T4222,0.10834981308753112,0.0,0.8916501869124688
s14T4222,0.09835331620929236,0.00489247957169598,0.8967542042190116
s15T4222,0.22753233879835724,0.0,0.7724676612016428
s02M4322,0.5950906946938932,0.08193594278642143,0.32297336251968534
s03M4322,0.5725818311201568,0.09313618245821775,0.33428198642162554
s04M4322,0.5063975463825481,0.07602339610554022,0.41757905751191166
s05M4322,0.524156706507023,0.05836599339976324,0.4174773000932138
s06M4322,0.5216131892049972,0.03141839505385696,0.4469684157411458
s07M4322,0.18852981706813285,0.08032990628130131,0.7311402766505659
s08M4322,0.0,0.0,1.0
s09M4322,0.04014787770827159,0.028528736145506942,0.9313233861462213
s10M4322,0.1829641561435839,0.005272170999861974,0.811763672856554
s11M4322,0.317702939517329,0.0006342677704117575,0.6816627927122593
s12M4322,0.4036802228280385,0.004273294512415852,0.5920464826595456
s13M4322,0.2135325668834111,0.0045070498739842695,0.7819603832426046
s14M4322,0.5320567899202164,0.010864931268221167,0.4570782788115623
s15M4322,0.41468415092189215,0.010660111992817845,0.5746557370852899
s01X4322,0.4544140636141354,0.18444492973919135,0.36114100664667326
s02T4322,0.5341466534956879,0.1988008102223668,0.2670525362819455
s03T4322,0.5604816677203261,0.19059073112539696,0.24892760115427698
s04T4322,0.5233314743173962,0.21285228290732494,0.2638162427752788
s05T4322,0.4195968602328182,0.24407840636453218,0.3363247334026497
s06T4322,0.5235653042220589,0.18430315532918934,0.2921315404487518
s07T4322,0.5300038671115105,0.24419947357477428,0.22579665931371534
s08T4322,0.0,0.0,1.0
s09T4322,0.08452732076010956,0.008933924139480494,0.9065387551004099
s10T4322,0.06592838666612541,0.0,0.9340716133338746
s11T4322,0.0675144360934351,0.0,0.9324855639065649
s12T4322,0.45986669674229985,0.0,0.5401333032577003
s13T4322,0.20774709824620272,0.0,0.7922529017537973
s14T4322,0.4203421568304012,0.007220454692561134,0.5724373884770376
s15T4322,0.4757625386819324,0.19770439851494154,0.326533062803126
s02M4422,0.5802781825645941,0.13605971247199303,0.28366210496341304
s03M4422,0.5274050574754119,0.17440927554558214,0.29818566697900595
s04M4422,0.5038637041494398,0.15063903814967852,0.3454972577008817
s05M4422,0.5237997141745856,0.12511359173604714,0.35108669408936727
s07M4422,0.5172631099430393,0.22464818059935932,0.2580887094576013
s08M4422,0.0,0.0,1.0
s09M4422,0.0,0.0,1.0
s10M4422,0.23682345720373968,0.0,0.7631765427962602
s11M4422,0.2145923088487173,0.0,0.7854076911512827
s12M4422,0.3290926507181265,0.0,0.6709073492818736
s13M4422,0.20328975850964448,0.0,0.7967102414903556
s14M4422,0.32255543475877235,0.02752453916001121,0.6499200260812165
s15M4422,0.44183178185248895,0.1587563800590533,0.3994118380884578
s01X4422,0.640377339217683,0.12472683955374576,0.2348958212285713
s02T4422,0.5759109422156976,0.10197040080738577,0.3221186569769166
s03T4422,0.5166193125407965,0.11626181980986143,0.3671188676493421
s04T4422,0.5468966752654277,0.09525639047105763,0.35784693426351466
s05T4422,0.6589703185971498,0.06259577294144457,0.27843390846140564
s06T4422,0.6940210243395958,0.030000803416571045,0.2759781722438333
s07T4422,0.4685136840187815,0.11981598980807845,0.41167032617314
s08T4422,0.0,0.0,1.0
s09T4422,0.0,0.012080496670851718,0.9879195033291484
s10T4422,0.13205699319043496,0.01549623618121401,0.8524467706283512
s11T4422,0.0865657646683802,0.015729589974899316,0.8977046453567205
s12T4422,0.22917679768932026,0.011621528458241694,0.759201673852438
s13T4422,0.2647918825452611,0.00978053713995198,0.7254275803147869
s14T4422,0.24519822459571292,0.009727583947984267,0.7450741914563028
s15T4422,0.5168771790531207,0.08303184385766012,0.4000909770892191
s02M4522,0.6449572389065791,0.11566498029291185,0.23937778080050898
s03M4522,0.7009856194959267,0.0806250267217886,0.2183893537822847
s04M4522,0.49159987566744595,0.09087533896363022,0.41752478536892385
s05M4522,0.554343004765039,0.09211017952138878,0.3535468157135722
s06M4522,0.49169914230410006,0.11546439572003706,0.39283646197586297
s07M4522,0.5177337876143694,0.09048970484459812,0.3917765075410325
s08M4522,0.0,0.0,1.0
s09M4522,0.22116177913032478,0.010571413753466244,0.7682668071162089
s10M4522,0.3481387615704783,0.004701978788575018,0.6471592596409468
s11M4522,0.2939323954152756,0.0,0.7060676045847244
s12M4522,0.46292899651694736,0.0,0.5370710034830526
s13M4522,0.4506649075242449,0.012212569392934323,0.5371225230828208
s14M4522,0.5964245024250254,0.019922438648285593,0.3836530589266891
s15M4522,0.5038928489068542,0.09598502896393153,0.4001221221292143
s01X4522,0.5589574600064683,0.13515337761235702,0.3058891623811746
s02T4522,0.5641917824995593,0.11696033312136303,0.3188478843790778
s03T4522,0.5019906560473469,0.08623606425510466,0.4117732796975484
s04T4522,0.5357922469102685,0.11638766737507214,0.3478200857146595
s05T4522,0.4884449655299673,0.09389074807165845,0.4176642863983743
s06T4522,0.4693279117454149,0.06396586603312462,0.46670622222146046
s07T4522,0.591001272902786,0.10956568034908837,0.29943304674812565
s08T4522,0.0,0.0,1.0
s09T4522,0.012917961793833178,0.0,0.9870820382061668
s10T4522,0.4444140505891231,0.005257849843247136,0.5503280995676297
s11T4522,0.32511562878819816,0.0,0.6748843712118018
s12T4522,0.5135137601623772,0.0,0.4864862398376228
s13T4522,0.5475783465310703,0.010883976763263685,0.44153767670566607
s14T4522,0.5202003442550952,0.007021292545646239,0.4727783631992584
s15T4522,0.5873762395997193,0.02366536372820752,0.38895839667207327
s02M4622,0.6282119610755246,0.09101980213050306,0.2807682367939724
s03M4622,0.6477931063579951,0.09450121870312202,0.2577056749388829
s04M4622,0.5918496932363725,0.10606908298855008,0.30208122377507735
s05M4622,0.5502038984684803,0.12024766753752011,0.3295484339939997
s06M4622,0.47585063486955465,0.14403911316047782,0.3801102519699675
s07M4622,0.5285904356179342,0.14725145534159081,0.32415810904047504
s08M4622,0.0,0.0,1.0
s09M4622,0.0,0.016103747842419774,0.9838962521575801
s10M4622,0.2983979763578765,0.0,0.7016020236421235
s11M4622,0.37059381186370044,0.0,0.6294061881362994
s13M4622,0.4151541351271996,0.0,0.5848458648728003
s14M4622,0.5462390162933496,0.0,0.4537609837066506
s15M4622,0.6365704402928057,0.004862168640375721,0.35856739106681856
s01X4622,0.5058050759592162,0.074397159582616,0.4197977644581678
s02T4622,0.409485055115714,0.2313901344698908,0.35912481041439515
s03T4622,0.36955363360924864,0.2767156978081874,0.35373066858256397
s04T4622,0.3793838973714532,0.20936712449086115,0.41124897813768563
s05T4622,0.40397505103002057,0.15099648001830554,0.4450284689516739
s06T4622,0.4306504059813863,0.18161049527578838,0.3877390987428253
s07T4622,0.49910648903015087,0.14521605938123244,0.35567745158861663
s08T4622,0.0,0.0,1.0
s09T4622,0.15242733620388338,0.0,0.8475726637961166
s10T4622,0.19103503934561214,0.0,0.8089649606543879
s11T4622,0.40314316450076454,0.0,0.5968568354992355
s12T4622,0.3046059245654493,0.0,0.6953940754345506
s13T4622,0.3167061746768718,0.0,0.6832938253231281
s14T4622,0.41099960538058933,0.0,0.5890003946194107
s15T4622,0.5004249381442984,0.006825792503037822,0.4927492693526638
s02M4722,0.6471419238295254,0.04441189355249332,0.3084461826179812
s03M4722,0.6235275862321115,0.044173381513754495,0.33229903225413415
s04M4722,0.6474985003042851,0.035194100707149185,0.3173073989885657
s05M4722,0.6280702036616239,0.051638550990018676,0.32029124534835746
s06M4722,0.5683836685696307,0.06711159266192522,0.364504738768444
s07M4722,0.7137838935599277,0.04447540663695762,0.24174069980311477
s08M4722,0.0,0.0,1.0
s09M4722,0.09962627645737555,0.0,0.9003737235426243
s10M4722,0.1250156268122018,0.0,0.8749843731877982
s11M4722,0.012099849793933961,0.0,0.987900150206066
s12M4722,0.2685519017242736,0.0,0.7314480982757264
s13M4722,0.46491194417292564,0.0,0.5350880558270744
s14M4722,0.6104154943908044,0.0,0.3895845056091956
s15M4722,0.6533838626611818,0.04002468392724514,0.30659145341157307
s01X4722,0.636152334739048,0.07126249978866302,0.292585165472289
s02T4722,0.7326787983272464,0.07925213082534693,0.18806907084740668
s03T4722,0.7023186742916275,0.07301835560852313,0.2246629700998494
s04T4722,0.6845259512777763,0.07422965635541275,0.24124439236681092
s05T4722,0.7460303334642789,0.06776358908873721,0.1862060774469838
s06T4722,0.7773889798624838,0.04938551671001288,0.17322550342750345
s07T4722,0.6128971257632804,0.05959125294520089,0.32751162129151873
s08T4722,0.0,0.0,1.0
s09T4722,0.008345811646604593,0.0,0.9916541883533955
s10T4722,0.1853816069742372,0.0,0.8146183930257628
s11T4722,0.4718147361348219,0.0,0.5281852638651782
s12T4722,0.5906880400699275,0.0,0.40931195993007263
s13T4722,0.6542785511599031,0.0,0.3457214488400968
s14T4722,0.6282070567318289,0.0,0.37179294326817125
s15T4722,0.7072420606159022,0.0,0.2927579393840977
s02M4822,0.7793551719349747,0.0693136574602546,0.1513311706047706
s03M4822,0.7259332604493801,0.06351808624543123,0.21054865330518852
s04M4822,0.7345036471869054,0.06040325907134739,0.2050930937417471
s05M4822,0.7364611610868029,0.05848754735943953,0.20505129155375765
s06M4822,0.5603692014185444,0.08347428802495636,0.35615651055649916
s07M4822,0.605080579315679,0.0275926385384838,0.36732678214583714
s08M4822,0.0,0.0,1.0
s09M4822,0.24125032638273772,0.0,0.7587496736172623
s10M4822,0.1630664521638012,0.0,0.8369335478361988
s11M4822,0.21853912837591616,0.0,0.781460871624084
s12M4822,0.29004434712812427,0.0,0.7099556528718758
s13M4822,0.6779935600627026,0.0,0.32200643993729744
s14M4822,0.7141205462933181,0.0,0.2858794537066819
s15M4822,0.5147099061802486,0.010968730500217438,0.47432136331953395
s01X4822,0.6815899548269565,0.08389776076552441,0.234512284407519
s02T4822,0.7305290384943677,0.07592281089502131,0.19354815061061098
s03T4822,0.6615514736471593,0.06351776615698267,0.27493076019585805
s04T4822,0.6572533977345482,0.0531350710763078,0.2896115311891441
s05T4822,0.5534002514547507,0.06963859024790303,0.3769611582973462
s06T4822,0.2598005912010176,0.0,0.7401994087989823
s07T4822,0.6353224160857437,0.00787379301024519,0.3568037909040111
s08T4822,0.0,0.0,1.0
s09T4822,0.007422030454453786,0.0,0.9925779695455462
s10T4822,0.07824517791150827,0.0,0.9217548220884917
s11T4822,0.1413385449183529,0.0,0.8586614550816472
s12T4822,0.15878755000517816,0.0,0.8412124499948218
s13T4822,0.26149364767236655,0.0,0.7385063523276334
s14T4822,0.37472383058570596,0.0,0.625276169414294
s15T4822,0.6073590277550204,0.0,0.3926409722449796
s02M4922,0.5771696612947729,0.06083371800933178,0.3619966206958954
s03M4922,0.5765813592319945,0.07015400727555743,0.35326463349244813
s04M4922,0.40722334533482923,0.13689234316286622,0.4558843115023045
s05M4922,0.533395543410449,0.062264805975239715,0.40433965061431126
s06M4922,0.5062337989293432,0.05253915322796757,0.4412270478426893
s07M4922,0.6206819220888123,0.06638261131909806,0.3129354665920896
s08M4922,0.0,0.0,1.0
s09M4922,0.08255250650723829,0.0,0.9174474934927618
s10M4922,0.1333427789667141,0.0,0.8666572210332859
s11M4922,0.284396381095938,0.0,0.715603618904062
s12M4922,0.3063635689757273,0.0,0.6936364310242727
s13M4922,0.5871908039016007,0.0,0.4128091960983993
s14M4922,0.7713306731575393,0.0,0.22866932684246066
s15M4922,0.648960082715311,0.0,0.35103991728468903
s01X4922,0.5868014060254173,0.040949232317857985,0.37224936165672473
s02T4922,0.5687720072311093,0.05833952096126055,0.37288847180763
s03T4922,0.5860264163882941,0.04678838953703399,0.36718519407467204
s04T4922,0.5400798690638698,0.06550855838492332,0.3944115725512068
s05T4922,0.37812249260635317,0.07559716307515833,0.5462803443184885
s06T4922,0.6395932004270074,0.03341809917838704,0.3269887003946056
s07T4922,0.4161590362417153,0.10822774822982023,0.47561321552846464
s08T4922,0.0,0.0,1.0
s09T4922,0.1459760573892374,0.0,0.8540239426107626
s10T4922,0.03819615237216801,0.0,0.961803847627832
s11T4922,0.10651803155122884,0.0,0.8934819684487711
s12T4922,0.06026178882265643,0.0,0.9397382111773436
s13T4922,0.6309830113635626,0.04234625823655208,0.3266707303998853
s14T4922,0.3239192871410995,0.0,0.6760807128589005
s15T4922,0.5829358008639565,0.026584655719990444,0.3904795434160531
s02M5022,0.5663294303857799,0.033739943742920143,0.39993062587130007
s03M5022,0.5233611547647998,0.047914589565098205,0.4287242556701019
s04M5022,0.6102761050313636,0.04617234959221687,0.3435515453764195
s05M5022,0.5852095570128574,0.042261097771606804,0.37252934521553577
s06M5022,0.5866636936775076,0.047956553456788266,0.36537975286570407
s07M5022,0.6028840009607439,0.03517908413063667,0.3619369149086195
s08M5022,0.0,0.0,1.0
s09M5022,0.07476847387485419,0.0,0.9252315261251459
s10M5022,0.588282754999881,0.0,0.411717245000119
s11M5022,0.5768914582261041,0.0,0.42310854177389584
s12M5022,0.6846820033505218,0.0,0.3153179966494783
s13M5022,0.6897014920428763,0.0,0.3102985079571236
s14M5022,0.7736390123019488,0.0,0.22636098769805119
s15M5022,0.6599854174285243,0.01102291688243149,0.3289916656890441
s01X5022,0.7110909822868703,0.03151551791629393,0.2573934997968358
s02T5022,0.6488004449998948,0.028184401215092022,0.3230151537850132
s03T5022,0.5818793293764342,0.033738511173954135,0.38438215944961185
s04T5022,0.557690147827757,0.03400074940906488,0.40830910276317806
s05T5022,0.5797739484157978,0.04322895777368803,0.37699709381051405
s06T5022,0.5697090802904584,0.054225085583553975,0.3760658341259876
s07T5022,0.5940451435920925,0.04079228444828098,0.36516257195962654
s08T5022,0.0,0.0,1.0
s09T5022,0.035721624595613136,0.0,0.9642783754043869
s10T5022,0.6303231795757134,0.0,0.3696768204242867
s11T5022,0.4337444905164088,0.0,0.5662555094835913
s12T5022,0.7003041948017378,0.0,0.29969580519826217
s13T5022,0.767436351626434,0.0,0.23256364837356602
s14T5022,0.8384421075641663,0.0,0.1615578924358337
s15T5022,0.7135426798138016,0.017567020282245865,0.26889029990395263
s02M5122,0.6120395792777884,0.01128361163978152,0.37667680908243006
s03M5122,0.6390958869096535,0.0063304014817702915,0.3545737116085763
s04M5122,0.7007057823965297,0.001905780576684593,0.2973884370267857
s05M5122,0.5183859178457471,0.03368846103182913,0.44792562112242373
s06M5122,0.5733409247682069,0.020741827232618054,0.40591724799917506
s07M5122,0.6573772897653055,0.006079844797810107,0.33654286543688433
s08M5122,0.0,0.0,1.0
s09M5122,0.0,0.0,1.0
s10M5122,0.0,0.0,1.0
s11M5122,0.02169973015628374,0.0,0.9783002698437163
s12M5122,0.19960906093064107,0.0,0.8003909390693589
s13M5122,0.7334678702328522,0.0,0.2665321297671478
s14M5122,0.7350495364144002,0.0,0.26495046358559987
s15M5122,0.6996796951632621,0.0,0.3003203048367379
s01X5122,0.6023771303077702,0.02699702045330577,0.370625849238924
s02T5122,0.6281397907980064,0.018534357733099617,0.3533258514688939
s03T5122,0.5778630761329052,0.021266275102333882,0.40087064876476086
s04T5122,0.6445609139398409,0.006792083838384185,0.3486470022217749
s05T5122,0.5558907134517436,0.030090483307002352,0.414018803241254
s06T5122,0.5114693232911853,0.005142214297001817,0.4833884624118128
s07T5122,0.6965538931488794,0.010619240814944255,0.29282686603617647
s08T5122,0.0,0.0,1.0
s09T5122,0.1814438975504363,0.0,0.8185561024495637
s10T5122,0.46379566415981704,0.0,0.536204335840183
s11T5122,0.18460747012756706,0.0,0.8153925298724329
s12T5122,0.2884672016753008,0.0,0.7115327983246993
s13T5122,0.41368621168334707,0.0,0.5863137883166528
s14T5122,0.557234301924236,0.0,0.4427656980757641
s15T5122,0.6735342767226793,0.0,0.32646572327732076
s02M5222,0.674723186410204,0.01699190657128942,0.3082849070185065
s03M5222,0.4387923914921035,0.044826480877368166,0.5163811276305283
s04M5222,0.6306231840900578,0.01883453388525992,0.35054228202468224
s05M5222,0.6395633582596154,0.028483108646716618,0.3319535330936679
s06M5222,0.7207559112067397,0.0069492596416648525,0.2722948291515955
s07M5222,0.7717012879769919,0.0008062572266194107,0.22749245479638872
s08M5222,0.0,0.0,1.0
s09M5222,0.5076668331139836,0.0,0.4923331668860163
s10M5222,0.4938603014064744,0.0,0.5061396985935256
s11M5222,0.6393033156033556,0.0,0.36069668439664426
s12M5222,0.7315845060761054,0.0,0.2684154939238945
s13M5222,0.7734231687901675,0.0,0.22657683120983246
s14M5222,0.874311786677475,0.0,0.125688213322525
s15M5222,0.8385991169189433,0.0,0.1614008830810567
s02T5222,0.6896233852569204,0.006049570277105029,0.3043270444659746
s03T5222,0.7778663267122076,0.0014380649854890642,0.22069560830230336
s04T5222,0.5985319035760138,0.014356681440347427,0.3871114149836387
s05T5222,0.5391066353723573,0.03830850167005902,0.4225848629575837
s06T5222,0.47738042337007713,0.04499685649700934,0.47762272013291346
s07T5222,0.7869677320488245,0.003163978190953353,0.20986828976022215
s08T5222,0.0,0.0,1.0
s09T5222,0.17386706215005737,0.0,0.8261329378499427
s10T5222,0.7954441702488849,0.0,0.20455582975111508
s11T5222,0.6122597091353322,0.0,0.3877402908646678
s12T5222,0.7782293314425498,0.0,0.2217706685574501
s13T5222,0.7698631726028706,0.0,0.23013682739712935
s14T5222,0.8940619758425525,0.0,0.10593802415744732
s15T5222,0.7951361233548982,0.0,0.20486387664510183
s02M0123,0.8558286182981961,0.0,0.14417138170180394
s03M0123,0.8511450835798741,0.0,0.14885491642012594
s04M0123,0.5234567763883794,0.053653495277253285,0.42288972833436733
s05M0123,0.6825774042987788,0.015822680542999935,0.30159991515822127
s06M0123,0.5593891979127268,0.020096129563749517,0.42051467252352354
s07M0123,0.7086557587646096,0.012894589116843257,0.27844965211854716
s08M0123,0.0,0.0,1.0
s09M0123,0.8267978301265115,0.0,0.17320216987348838
s10M0123,0.8591600911581928,0.0,0.14083990884180717
s11M0123,0.6601323655116876,0.0,0.33986763448831236
s12M0123,0.686339658999618,0.0,0.3136603410003821
s13M0123,0.833072832473756,0.0,0.16692716752624398
s14M0123,0.8542645826023468,0.0,0.14573541739765317
s15M0123,0.8930934362485191,0.0,0.10690656375148086
s01X0123,0.8923484196732553,0.0013333916818096703,0.10631818864493507
s02T0123,0.7607965762484306,0.005481627925289545,0.23372179582627992
s03T0123,0.7456407933304906,0.008164515442741998,0.24619469122676743
s05T0123,0.7667224611596504,0.0434348925436623,0.18984264629668723
s06T0123,0.7964520163111115,0.017171550954709652,0.1863764327341788
s07T0123,0.7300357195186461,0.0283304887069239,0.24163379177442998
s08T0123,0.0,0.0,1.0
s09T0123,0.2941579092378045,0.0,0.7058420907621955
s10T0123,0.6527787189125777,0.0,0.3472212810874224
s11T0123,0.8090408737666275,0.0,0.19095912623337247
s12T0123,0.8705894031600802,0.0,0.12941059683991984
s13T0123,0.833959805425752,0.0,0.16604019457424798
s14T0123,0.8982432402007032,0.0,0.10175675979929664
s15T0123,0.8811149847962526,0.0,0.11888501520374736
s02M0223,0.8406428251907324,0.011927180324078466,0.14742999448518906
s03M0223,0.8946562698225157,0.01689584070223211,0.08844788947525234
s04M0223,0.8764360559301476,0.007405752236723012,0.11615819183312945
s05M0223,0.8813323963543286,0.001751447204727927,0.11691615644094354
s06M0223,0.8642123470808288,0.004900285118911094,0.13088736780026
s07M0223,0.8217829860942711,0.00392963303749108,0.17428738086823786
s08M0223,0.0,0.0,1.0
s09M0223,0.21106975877713777,0.0,0.7889302412228623
s10M0223,0.7009932899913227,0.0,0.2990067100086774
s11M0223,0.5037588656848285,0.0,0.4962411343151715
s12M0223,0.7487041833155815,0.0,0.25129581668441847
s13M0223,0.7089160340337302,0.0,0.2910839659662699
s14M0223,0.7517911698801625,0.0,0.2482088301198376
s15M0223,0.8493147196664766,0.0,0.15068528033352335
s01X0223,0.8836199037784472,0.0,0.11638009622155272
s02T0223,0.7458880567990358,0.0,0.2541119432009642
s03T0223,0.87426900526634,0.007820402676585337,0.11791059205707471
s04T0223,0.6344684242561988,0.06895609015382606,0.2965754855899752
s05T0223,0.7435833358528893,0.013305995308034928,0.24311066883907584
s06T0223,0.6939931884206142,0.004574728442885303,0.30143208313650044
s07T0223,0.9242845258087719,0.006596706425952857,0.06911876776527517
s08T0223,0.0,0.0,1.0
s09T0223,0.14538832543934402,0.0,0.854611674560656
s10T0223,0.8308385628164267,0.0,0.16916143718357332
s11T0223,0.5593598776591323,0.0,0.44064012234086763
s12T0223,0.5177178974415045,0.0,0.4822821025584955
s13T0223,0.7760795614188559,0.0,0.22392043858114402
s14T0223,0.8207391183527335,0.0,0.1792608816472664
s15T0223,0.8898716780516249,0.0,0.11012832194837513
s02M0323,0.9481910708411501,0.0018093389586721189,0.04999959020017778
s03M0323,0.9626682184129483,0.0043673487557651615,0.032964432831286715
s04M0323,0.7835742906654513,0.0403373350156853,0.17608837431886343
s05M0323,0.832188334019539,0.02836276015915201,0.13944890582130892
s06M0323,0.9128732056477319,0.00867353134758207,0.07845326300468601
s07M0323,0.908299191731306,0.013724198021786803,0.07797661024690711
s08M0323,0.0,0.0,1.0
s09M0323,0.0,0.0,1.0
s10M0323,0.7033494919146214,0.0,0.29665050808537863
s11M0323,0.4290373437802105,0.0,0.5709626562197895
s12M0323,0.5109424002265918,0.0,0.4890575997734082
s13M0323,0.49608535342609156,0.0,0.5039146465739084
s14M0323,0.6633189803509991,0.0,0.3366810196490009
s15M0323,0.852119178580574,0.0,0.14788082141942596
s01X0323,0.8893331992935286,0.018010973696187378,0.09265582701028384
s02T0323,0.9287052894978106,0.01400134937777508,0.05729336112441431
s03T0323,0.9107461252734492,0.01700477423737331,0.07224910048917751
s04T0323,0.9295378473772149,0.005098815299909049,0.06536333732287603
s05T0323,0.8849428749341706,0.009967370564973089,0.10508975450085647
s06T0323,0.8386398318307541,0.031769839666381056,0.1295903285028648
s07T0323,0.8898400342499552,0.010465559195370166,0.09969440655467472
s08T0323,0.0,0.0,1.0
s09T0323,0.08391032836898392,0.0,0.9160896716310161
s10T0323,0.6820843576251719,0.0,0.317915642374828
s11T0323,0.459788755385059,0.0,0.5402112446149411
s12T0323,0.6249724175143927,0.0,0.37502758248560736
s13T0323,0.7515058268674466,0.0,0.24849417313255354
s14T0323,0.7526086449264795,0.0,0.24739135507352045
s15T0323,0.8637162795085381,0.0,0.13628372049146187
s02M0423,0.8498066600054316,0.021971179386850854,0.12822216060771757
s03M0423,0.8880652071000112,0.012293561832812813,0.09964123106717586
s04M0423,0.4423906458607677,0.21883449172719405,0.33877486241203825
s05M0423,0.7150316730696274,0.05467892624796049,0.23028940068241202
s06M0423,0.8812220733165703,0.00828664705443632,0.11049127962899324
s07M0423,1.0,0.0,0.0
s08M0423,0.0,0.0,1.0
s09M0423,0.0,0.0,1.0
s10M0423,0.007292493949155333,0.0,0.9927075060508447
s11M0423,0.0,0.0,1.0
s12M0423,0.0,0.0,1.0
s13M0423,0.06910991481001844,0.0,0.9308900851899816
s14M0423,0.4284756243220639,0.0,0.571524375677936
s15M0423,0.025949031730456915,0.0,0.9740509682695432
s01X0423,0.8834631281220567,0.01149032728263317,0.10504654459531015
s02T0423,0.7632174804072062,0.02250241210287019,0.2142801074899237
s03T0423,0.7054223398031845,0.04170510973683305,0.25287255045998247
s04T0423,0.672104845048405,0.045613853555643416,0.28228130139595153
s05T0423,0.5790980370171911,0.08547568227787608,0.33542628070493286
s06T0423,0.6525261152952895,0.05857404756728131,0.28889983713742934
s07T0423,0.7402998108668113,0.02964523951067975,0.23005494962250903
s08T0423,0.0,0.0,1.0
s09T0423,0.0,0.0,1.0
s10T0423,0.07683122607105318,0.0,0.9231687739289469
s11T0423,0.0,0.0,1.0
s12T0423,0.0,0.0,1.0
s13T0423,0.1004568235451632,0.0,0.8995431764548368
s14T0423,0.7636650087239077,0.0033186092421335477,0.23301638203395872
s15T0423,0.8154130039024965,0.0132595439131274,0.17132745218437612
s02M0523,0.7172913134999294,0.04451421333225791,0.23819447316781273
s03M0523,0.6087595485337592,0.0946530738270858,0.29658737763915494
s04M0523,0.6528142460673505,0.06698096824579287,0.28020478568685664
s05M0523,0.6458929866674228,0.0657465373055982,0.28836047602697906
s06M0523,0.6563767581550384,0.060357541583451024,0.28326570026151066
s07M0523,0.7999391898771809,0.020081065098930866,0.17997974502388822
s08M0523,0.0,0.0,1.0
s09M0523,0.0,0.0,1.0
s10M0523,0.3006739261921089,0.0,0.6993260738078911
s11M0523,0.5567305142056642,0.0,0.44326948579433567
s12M0523,0.517928916334731,0.0,0.48207108366526896
s13M0523,0.6586663738624865,0.0,0.3413336261375135
s14M0523,0.8123193980376427,0.0,0.18768060196235714
s15M0523,0.7873567605153868,0.003500966038692807,0.20914227344592043
s01X0523,0.779620099295019,0.023618229593681234,0.1967616711112998
s02T0523,0.876248916145717,0.00950978899498128,0.1142412948593018
s03T0523,0.8624741292432848,0.01341852325590464,0.1241073475008106
s04T0523,0.7788673829349494,0.0254151306853715,0.1957174863796791
s05T0523,0.7910731657063385,0.0231782200558684,0.18574861423779307
s06T0523,0.827267339190732,0.0166177620860562,0.1561148987232117
s07T0523,0.834790709724225,0.008780767449179987,0.15642852282659517
s08T0523,0.0,0.0,1.0
s09T0523,0.0,0.0,1.0
s10T0523,0.39687454471105693,0.0,0.603125455288943
s11T0523,0.4992091588539592,0.0,0.5007908411460408
s12T0523,0.8947769072091818,0.0,0.10522309279081807
s13T0523,0.8888544666508253,0.0,0.11114553334917476
s14T0523,0.8469911331800785,0.0,0.15300886681992157
s15T0523,0.8691207708942169,0.007456101026177183,0.12342312807960579
s02M0623,0.9495642309580701,0.0,0.050435769041929986
s03M0623,0.9173983517265666,0.0,0.0826016482734334
s04M0623,0.713619321550046,0.08071061559871703,0.20567006285123687
s05M0623,0.730907706462615,0.04498735021031863,0.22410494332706626
s06M0623,0.8131797382227544,0.028189071594834487,0.1586311901824111
s07M0623,0.9295548264191118,0.0,0.0704451735808882
s08M0623,0.0,0.0,1.0
s09M0623,0.007701296257975074,0.0,0.9922987037420249
s10M0623,0.07226932695008713,0.0,0.9277306730499129
s11M0623,0.04616108537081505,0.0,0.9538389146291849
s12M0623,0.8585891682913296,0.0,0.14141083170867041
s13M0623,0.8815404371960287,0.0,0.11845956280397127
s14M0623,0.8322964995314566,0.0,0.16770350046854332
s15M0623,0.844173237959314,0.0,0.15582676204068605
s01X0623,0.907796262718774,0.0,0.09220373728122601
s02T0623,0.831136164993986,0.014642376767530994,0.15422145823848302
s03T0623,0.9776387872862508,0.0,0.022361212713749277
s04T0623,0.6912130629087726,0.057415530136407954,0.2513714069548195
s05T0623,0.7549817683736809,0.04079468465106046,0.20422354697525855
s06T0623,0.7087349717323144,0.04682322646777901,0.24444180179990674
s07T0623,0.9114451141595153,0.0,0.08855488584048472
s08T0623,0.0,0.0,1.0
s09T0623,0.04279997688553142,0.0,0.9572000231144685
s10T0623,0.8322353093031968,0.0,0.16776469069680322
s11T0623,0.4609816527548809,0.0,0.539018347245119
s12T0623,0.7319346638597054,0.0,0.2680653361402946
s13T0623,0.816008715596629,0.0,0.18399128440337098
s14T0623,0.7460073043614448,0.0,0.2539926956385553
s15T0623,0.8012497672512403,0.0,0.1987502327487597
s02M0723,0.8515561070861479,0.005511605719072649,0.14293228719477938
s03M0723,0.896897807181674,0.005293871205404144,0.09780832161292177
s04M0723,0.8629640845949349,0.004367797869916988,0.13266811753514798
s05M0723,0.8391105164020279,0.017988253946653213,0.14290122965131888
s06M0723,0.7932424134601568,0.016402956740805878,0.19035462979903736
s07M0723,0.9429701397171083,0.0,0.05702986028289181
s08M0723,0.0,0.0,1.0
s09M0723,0.0,0.0,1.0
s10M0723,0.0,0.0,1.0
s11M0723,0.0,0.0,1.0
s12M0723,0.0022289501160371525,0.0,0.9977710498839628
s13M0723,0.41113703094812726,0.0,0.5888629690518729
s14M0723,0.7879469111743007,0.0,0.21205308882569943
s15M0723,1.0,0.0,0.0
s01X0723,0.878955220150246,0.0,0.1210447798497541
s02T0723,1.0,0.0,0.0
s03T0723,0.995724589179008,0.0,0.0042754108209920065
s04T0723,0.8303148575598356,0.027445758835625243,0.1422393836045391
s05T0723,0.8772282450751147,0.013457621797714817,0.10931413312717059
s06T0723,0.8270619406964027,0.02683882149345988,0.14609923781013737
s07T0723,0.8577870353147454,0.004443554954481679,0.13776940973077287
s08T0723,0.0,0.0,1.0
s09T0723,0.10818260092639113,0.0,0.8918173990736088
s10T0723,0.6727364487408207,0.0,0.3272635512591794
s11T0723,0.34586421635522147,0.0,0.6541357836447785
s12T0723,0.6495374518145304,0.0,0.35046254818546957
s13T0723,0.663304823974615,0.0,0.33669517602538507
s14T0723,0.9524657547308186,0.0,0.04753424526918137
s15T0723,0.8698004905268908,0.0,0.13019950947310918
s02M0823,1.0,0.0,0.0
s03M0823,0.9029985721381549,0.0,0.0970014278618451
s04M0823,0.9933395681885235,0.0,0.006660431811476489
s05M0823,0.9513967148309902,0.0,0.04860328516900979
s06M0823,0.9692053982272687,0.0,0.03079460177273125
s07M0823,1.0,0.0,0.0
s08M0823,0.0,0.0,1.0
s09M0823,0.0,0.0,1.0
s10M0823,1.0,0.0,0.0
s11M0823,0.8102923945154938,0.0,0.18970760548450616
s12M0823,0.22306770053396305,0.0,0.776932299466037
s13M0823,0.96619026850017,0.0,0.03380973149982996
s14M0823,0.9733151308497304,0.0,0.026684869150269644
s15M0823,1.0,0.0,0.0
s01X0823,1.0,0.0,0.0
s02T0823,1.0,0.0,0.0
s03T0823,1.0,0.0,0.0
s04T0823,0.9741710462166691,0.0,0.02582895378333082
s05T0823,1.0,0.0,0.0
s06T0823,1.0,0.0,0.0
s07T0823,1.0,0.0,0.0
s08T0823,0.010733292884242018,0.0,0.989266707115758
s09T0823,0.0,0.0,1.0
s10T0823,0.563050001705496,0.0,0.43694999829450387
s11T0823,0.19580302048334208,0.0,0.8041969795166578
s12T0823,0.8505232292827577,0.0,0.14947677071724239
s13T0823,0.7605572833357296,0.0,0.23944271666427047
s14T0823,0.9653663966047805,0.0,0.03463360339521944
s15T0823,1.0,0.0,0.0
s02M0923,0.9938664711811259,0.0,0.006133528818873978
s03M0923,0.9904335226672586,0.0,0.009566477332741352
s04M0923,0.9626624645790507,0.0,0.03733753542094927
s05M0923,0.8407734502171307,0.0,0.1592265497828693
s06M0923,1.0,0.0,0.0
s07M0923,1.0,0.0,0.0
s08M0923,0.0,0.0,1.0
s09M0923,0.0,0.0,1.0
s10M0923,0.0,0.0,1.0
s11M0923,0.0,0.0,1.0
s12M0923,0.10935299375003997,0.0,0.89064700624996
s13M0923,0.04670663086040169,0.0,0.9532933691395984
s14M0923,0.7131878983747908,0.0,0.28681210162520915
s15M0923,1.0,0.0,0.0
s01X0923,1.0,0.0,0.0
s02T0923,0.9466941406615975,0.0,0.05330585933840253
s03T0923,0.8990489485408981,0.0,0.10095105145910194
s04T0923,0.9152386339152405,0.0,0.08476136608475941
s05T0923,0.8218840786428813,0.005645875129522821,0.17247004622759596
s06T0923,0.8171572582687908,0.0,0.18284274173120915
s07T0923,0.8414102203914526,0.0,0.1585897796085474
s08T0923,0.0,0.0,1.0
s09T0923,0.0,0.0,1.0
s10T0923,0.0,0.0,1.0
s11T0923,0.0,0.0,1.0
s12T0923,0.0,0.0,1.0
s13T0923,0.0,0.0,1.0
s14T0923,0.14497525731713906,0.0,0.8550247426828609
s15T0923,0.9425792030907453,0.0,0.0574207969092547
s02M1023,0.8758731636160705,0.007307593592815647,0.11681924279111382
s03M1023,0.8971535639976138,0.001954911872250273,0.10089152413013576
s04M1023,0.8692841958767098,0.007497452450648804,0.12321835167264131
s05M1023,0.8675311923464025,0.002605337890247364,0.12986346976335011
s06M1023,0.8626510178069038,0.006816961954696564,0.13053202023839966
s07M1023,0.9491086755662845,0.0,0.050891324433715385
s08M1023,0.0,0.0,1.0
s09M1023,0.0,0.0,1.0
s10M1023,0.19979468970284414,0.0,0.8002053102971559
s11M1023,0.0,0.0,1.0
s12M1023,0.0,0.0,1.0
s13M1023,0.07981857608079582,0.0,0.9201814239192042
s14M1023,0.6543401409750285,0.0,0.34565985902497154
s15M1023,0.8084545125558381,0.0,0.1915454874441619
s01X1023,0.9317474297124186,0.0,0.06825257028758144
s02T1023,0.960669377675689,0.0,0.03933062232431095
s03T1023,1.0,0.0,0.0
s04T1023,0.9222422154783494,0.0,0.07775778452165058
s05T1023,0.9977820962681236,0.0,0.0022179037318763198
s06T1023,0.9327874698007823,0.0,0.06721253019921769
s07T1023,0.9189373653072527,0.0,0.08106263469274734
s08T1023,0.0,0.0,1.0
s09T1023,0.0,0.0,1.0
s10T1023,0.012707078388223821,0.0,0.9872929216117762
s11T1023,0.09422622569786904,0.0,0.9057737743021309
s12T1023,0.0,0.0,1.0
s13T1023,0.0,0.0,1.0
s14T1023,0.10830285653149392,0.0,0.8916971434685061
s15T1023,0.8094682711994945,0.0,0.1905317288005055
s02M1123,0.9762115781011813,0.0,0.023788421898818603
s03M1123,1.0,0.0,0.0
s04M1123,0.974608204718506,0.0,0.0253917952814941
s05M1123,0.9115522631067663,0.0015336395476907947,0.08691409734554292
s06M1123,0.9607577225021718,0.0,0.03924227749782812
s07M1123,0.991177455692246,0.0,0.008822544307754048
s08M1123,0.0,0.0,1.0
s09M1123,0.09585504254527717,0.0,0.9041449574547229
s10M1123,0.7030537138248153,0.0,0.2969462861751847
s11M1123,0.3237007169495577,0.0,0.6762992830504423
s12M1123,0.594591719737365,0.0,0.4054082802626349
s13M1123,0.7844511444999182,0.0,0.2155488555000818
s14M1123,0.898428678181476,0.0,0.101571321818524
s15M1123,0.9929610203164009,0.0,0.007038979683599189
s01X1123,0.9021076555466803,0.008151870577145733,0.08974047387617391
s02T1123,1.0,0.0,0.0
s03T1123,1.0,0.0,0.0
s04T1123,0.966882291127844,0.0,0.033117708872155996
s05T1123,0.9253989718626614,0.003203924246186244,0.07139710389115239
s06T1123,0.9311507953369907,0.0,0.06884920466300917
s07T1123,0.9336085981154681,0.0,0.06639140188453183
s08T1123,0.0,0.0,1.0
s09T1123,0.0,0.0,1.0
s10T1123,0.03550381650437411,0.0,0.9644961834956258
s11T1123,0.34779636479111226,0.0,0.6522036352088878
s12T1123,0.0635321833557319,0.0,0.9364678166442681
s13T1123,0.17319944654083927,0.0,0.8268005534591607
s14T1123,0.6866358885370341,0.0,0.3133641114629659
s15T1123,0.9927462804854553,0.0,0.007253719514544633
s02M1223,1.0,0.0,0.0
s03M1223,0.9663565934205548,0.0,0.03364340657944519
s04M1223,0.9108348504293521,0.0,0.0891651495706479
s05M1223,0.9763920479679796,0.0,0.023607952032020412
s06M1223,0.9875293321925029,0.0,0.01247066780749696
s07M1223,1.0,0.0,0.0
s08M1223,0.0,0.0,1.0
s09M1223,0.033336886082621774,0.0,0.9666631139173781
s10M1223,0.8182066508097872,0.0,0.18179334919021287
s11M1223,0.44061971171422465,0.0,0.5593802882857752
s12M1223,0.7250062779797438,0.0,0.2749937220202563
s13M1223,1.0,0.0,0.0
s14M1223,1.0,0.0,0.0
s15M1223,1.0,0.0,0.0
s01X1223,0.8637397667941826,0.0,0.13626023320581748
s02T1223,0.9376323680004305,0.0,0.06236763199956948
s03T1223,1.0,0.0,0.0
s04T1223,0.940079249242264,0.0,0.05992075075773596
s05T1223,0.9915870306403923,0.0,0.008412969359607772
s06T1223,0.9918108969089084,0.0,0.008189103091091615
s07T1223,0.8871401281059788,0.0,0.11285987189402132
s08T1223,0.0,0.0,1.0
s09T1223,0.162520504905104,0.0,0.837479495094896
s10T1223,0.936837456466846,0.0,0.06316254353315408
s11T1223,0.34086648542061687,0.0,0.6591335145793832
s12T1223,0.7226513047472354,0.0,0.2773486952527646
s13T1223,0.913653660807619,0.0,0.086346339192381
s14T1223,1.0,0.0,0.0
s15T1223,0.9198598964399737,0.0,0.08014010356002635
s02M1323,0.8860721462532652,0.0,0.11392785374673477
s03M1323,1.0,0.0,0.0
s04M1323,1.0,0.0,0.0
s05M1323,1.0,0.0,0.0
s06M1323,1.0,0.0,0.0
s07M1323,1.0,0.0,0.0
s08M1323,0.0,0.0,1.0
s09M1323,0.0,0.0,1.0
s10M1323,0.39682977240017786,0.0,0.6031702275998222
s11M1323,0.11145005250586755,0.0,0.8885499474941325
s12M1323,0.9657279318200838,0.0,0.03427206817991626
s13M1323,1.0,0.0,0.0
s14M1323,1.0,0.0,0.0
s15M1323,0.9704773012900253,0.0,0.02952269870997471
s01X1323,1.0,0.0,0.0
s02T1323,1.0,0.0,0.0
s03T1323,1.0,0.0,0.0
s04T1323,1.0,0.0,0.0
s05T1323,1.0,0.0,0.0
s06T1323,1.0,0.0,0.0
s07T1323,0.9290288505032678,0.0,0.07097114949673226
s08T1323,0.0,0.0,1.0
s09T1323,0.09191768287169264,0.0,0.9080823171283073
s10T1323,0.6932280751452694,0.0,0.3067719248547307
s11T1323,0.5802468046877635,0.0,0.4197531953122366
s12T1323,0.39756471164380913,0.0,0.6024352883561908
s13T1323,0.44836721978056354,0.0,0.5516327802194364
s14T1323,0.6450537176671999,0.0,0.35494628233280007
s15T1323,0.6817961250726629,0.0,0.31820387492733715
s02M1423,0.802140446061933,0.0050380575669369786,0.19282149637112997
s03M1423,0.689477714039568,0.0343869756327189,0.27613531032771305
s04M1423,0.8995645716237224,0.0,0.10043542837627775
s06M1423,0.9387285207759262,0.0,0.061271479224073874
s07M1423,0.9833862578651403,0.0,0.01661374213485966
s08M1423,0.0,0.0,1.0
s09M1423,0.0,0.0,1.0
s10M1423,0.0,0.0,1.0
s11M1423,0.010043190670102977,0.0,0.989956809329897
s12M1423,0.22818169843757494,0.0,0.771818301562425
s13M1423,0.12429545295378043,0.0,0.8757045470462195
s14M1423,0.7490267814509995,0.0,0.2509732185490005
s15M1423,0.8684200864269335,0.0,0.13157991357306648
s01X1423,1.0,0.0,0.0
s02T1423,0.9887457369606258,0.0,0.011254263039374195
s03T1423,1.0,0.0,0.0
s04T1423,0.9782609022316153,0.0,0.021739097768384657
s05T1423,1.0,0.0,0.0
s06T1423,0.9994506929973962,0.0,0.0005493070026037813
s07T1423,1.0,0.0,0.0
s08T1423,0.0,0.0,1.0
s09T1423,0.0,0.0,1.0
s10T1423,0.0,0.0,1.0
s11T1423,0.0,0.0,1.0
s12T1423,0.0,0.0,1.0
s14T1423,0.0,0.0,1.0
s15T1423,0.048514945907719736,0.0,0.9514850540922802
s02M1523,0.8027677302316384,0.014778858546580679,0.18245341122178102
s03M1523,0.8894722119673071,0.0,0.11052778803269293
s04M1523,0.9559787737791576,0.0,0.04402122622084232
s05M1523,0.9321037410510258,0.0,0.06789625894897422
s06M1523,0.8679328570754521,0.0,0.1320671429245479
s07M1523,0.7038551524373093,0.002942771809684819,0.2932020757530059
s08M1523,0.0,0.0,1.0
s09M1523,0.0,0.0,1.0
s10M1523,0.05556527090969068,0.0,0.9444347290903092
s11M1523,0.09136904033550047,0.0,0.9086309596644995
s12M1523,0.0591986553057132,0.0,0.9408013446942868
s13M1523,0.06542775561886666,0.0,0.9345722443811333
s14M1523,0.6112491804473914,0.0,0.3887508195526085
s15M1523,0.5434518690282052,0.0,0.4565481309717949
s01X1523,0.8699678515743031,0.0005480534393895047,0.12948409498630734
s02T1523,0.8551621359592418,0.0013598555425251829,0.14347800849823297
s03T1523,0.829822117801056,0.010641391432046166,0.15953649076689783
s04T1523,1.0,0.0,0.0
s05T1523,0.8048618399038219,0.0033584525068520105,0.19177970758932603
s06T1523,0.8213996380697773,0.0,0.17860036193022263
s07T1523,0.9453381239597937,0.0,0.054661876040206385
s08T1523,0.0,0.0,1.0
s09T1523,0.0,0.0,1.0
s10T1523,0.15979416038966593,0.0,0.840205839610334
s11T1523,0.5626407518899649,0.0,0.4373592481100351
s12T1523,0.13250192229934535,0.0,0.8674980777006546
s13T1523,0.3508743034693736,0.0,0.6491256965306265
s14T1523,0.7229632413843553,0.0,0.27703675861564475
s15T1523,0.9010358387090827,0.0,0.09896416129091734
s02M1623,0.8205507946353661,0.00764598182062726,0.17180322354400654
s03M1623,0.9086322900914391,0.0,0.09136770990856091
s04M1623,0.6519295862742959,0.02310737421431155,0.32496303951139255
s05M1623,0.5991720308655949,0.01655374544836093,0.3842742236860443
s06M1623,0.9289843557237889,0.0,0.07101564427621115
s07M1623,0.8837212480335809,0.0,0.11627875196641907
s08M1623,0.0,0.05846863771063717,0.9415313622893628
s09M1623,0.0,0.0,1.0
s10M1623,0.0,0.0,1.0
s11M1623,0.0,0.0,1.0
s12M1623,0.009852263374534202,0.0,0.9901477366254658
s13M1623,0.12150097157816521,0.0,0.8784990284218348
s14M1623,0.400762607653091,0.0,0.5992373923469089
s15M1623,0.656951915240576,0.0,0.3430480847594241
s01X1623,0.7353326104184391,0.009185246728201596,0.2554821428533593
s02T1623,0.6783519532034993,0.03514694367455525,0.2865011031219454
s03T1623,0.6359772691512153,0.05321782718432522,0.31080490366445945
s04T1623,0.5496761329562949,0.06679161032257568,0.38353225672112945
s05T1623,0.8406042456379058,0.003477640467092355,0.15591811389500182
s06T1623,0.8143528144798322,0.0,0.18564718552016776
s07T1623,0.8827574146914264,0.00022408822956890276,0.11701849707900476
s08T1623,0.0,0.0,1.0
s09T1623,0.0,0.0,1.0
s10T1623,0.06010352324637663,0.0,0.9398964767536234
s11T1623,0.027399858901845982,0.0,0.972600141098154
s12T1623,0.07289841571038176,0.0,0.9271015842896182
s13T1623,0.05749872624659244,0.0,0.9425012737534075
s14T1623,0.23985641308647984,0.0,0.76014358691352
s15T1623,0.8104091736464352,0.0,0.1895908263535648
s02M1723,0.6697632284353373,0.024665843542263425,0.30557092802239927
s03M1723,0.9300246521127796,0.0,0.06997534788722039
s04M1723,0.8747667635089797,0.0,0.1252332364910201
s05M1723,0.8843263136576531,0.0,0.11567368634234679
s06M1723,0.8306020603762756,0.0,0.1693979396237244
s07M1723,0.6913682420663344,0.02167727005634983,0.2869544878773158
s08M1723,0.0,0.0,1.0
s09M1723,0.022870494908856596,0.0,0.9771295050911434
s10M1723,0.11185902834253729,0.0,0.8881409716574628
s11M1723,0.1155883823235871,0.0,0.8844116176764129
s12M1723,0.2747700478995592,0.0,0.7252299521004408
s13M1723,0.14200982171985774,0.0,0.8579901782801423
s14M1723,0.7182577064711804,0.0,0.28174229352881974
s15M1723,0.8300568937608584,0.0,0.16994310623914152
s01X1723,0.6258585212020173,0.03266368190125966,0.3414777968967231
s02T1723,0.775753126078804,0.0032950421484439145,0.22095183177275218
s03T1723,0.7782994814953972,0.0,0.22170051850460276
s04T1723,0.7268402519279148,0.002041833252878267,0.27111791481920694
s05T1723,0.9156585904629174,0.0,0.08434140953708248
s06T1723,0.8943260128084495,0.0,0.10567398719155055
s08T1723,0.0,0.0,1.0
s10T1723,0.0,0.0,1.0
s11T1723,0.0,0.0,1.0
s12T1723,0.015426703371804183,0.0,0.9845732966281958
s13T1723,0.12499348089927018,0.0,0.8750065191007298
s14T1723,0.4114686907569002,0.0,0.5885313092430997
s15T1723,0.9212849672316116,0.0,0.07871503276838844
s02M1823,0.6964981780641168,0.0064083356475454056,0.2970934862883377
s03M1823,0.778663726275503,0.013470271021533536,0.2078660027029635
s04M1823,0.8354416350874683,0.0018430021703579238,0.1627153627421737
s05M1823,0.7656660520712562,0.005978635542498764,0.22835531238624512
s06M1823,0.8801166487255415,0.0,0.11988335127445852
s07M1823,0.9570329204425356,0.0,0.042967079557464344
s08M1823,0.0,0.0,1.0
s09M1823,0.03660125092166616,0.0,0.9633987490783338
s10M1823,0.10145717828055721,0.0,0.8985428217194428
s11M1823,0.07324767345966296,0.0,0.9267523265403371
s12M1823,0.12495225724924929,0.0,0.8750477427507507
s13M1823,0.24651506317387328,0.0,0.7534849368261267
s14M1823,0.25557668510189885,0.0,0.7444233148981012
s15M1823,0.5149392580833843,0.0,0.48506074191661575
s01X1823,0.7484232573021996,0.00829473140560359,0.24328201129219693
s02T1823,0.975081767654066,0.0,0.02491823234593405
s03T1823,0.9242191826126068,0.0,0.07578081738739313
s04T1823,1.0,0.0,0.0
s05T1823,0.9840302671049254,0.0,0.015969732895074636
s06T1823,1.0,0.0,0.0
s07T1823,1.0,0.0,0.0
s08T1823,0.00794533640003935,0.0,0.9920546635999605
s09T1823,0.0,0.0,1.0
s10T1823,0.05362959505252326,0.0,0.9463704049474767
s11T1823,0.028141338582501074,0.0,0.971858661417499
s12T1823,0.07537172716843026,0.0,0.9246282728315697
s14T1823,0.15355270614776584,0.0,0.8464472938522342
s15T1823,0.7110283822884821,0.0,0.28897161771151797
s04M1923,0.6527756457365478,0.05569557042897065,0.29152878383448144
s05M1923,0.6215159647969076,0.0516375974747058,0.3268464377283866
s06M1923,0.7049518978731304,0.03655018213784507,0.2584979199890245
s07M1923,0.8314264781782189,0.016302060042834635,0.15227146177894646
s08M1923,0.0,0.0,1.0
s09M1923,0.036705628618156655,0.0,0.9632943713818433
s10M1923,0.05886888109393917,0.0,0.9411311189060608
s11M1923,0.060727314728216096,0.0,0.9392726852717839
s12M1923,0.06786896959523933,0.0,0.9321310304047606
s13M1923,0.09803708726163708,0.0,0.9019629127383629
s14M1923,0.19527832353407706,0.0,0.804721676465923
s15M1923,0.29279318915455804,0.0,0.707206810845442
s02T1923,0.6630262972187538,0.048304260421688686,0.28866944235955755
s03T1923,0.6088136445663366,0.03428513253185948,0.35690122290180404
s04T1923,0.6767407839779757,0.05258340440843967,0.2706758116135846
s05T1923,0.6597292403380293,0.04167353297620809,0.2985972266857627
s06T1923,0.6771444586343015,0.04890882991761401,0.27394671144808436
s07T1923,0.6301614388768472,0.020200498624374823,0.3496380624987778
s08T1923,0.0,0.0,1.0
s09T1923,0.02653256366780162,0.0,0.9734674363321983
s10T1923,0.053303273934000715,0.0,0.9466967260659993
s11T1923,0.1086761721991263,0.0,0.8913238278008737
s12T1923,0.08517667086053875,0.0,0.9148233291394612
s13T1923,0.10787433764764412,0.0,0.8921256623523559
s14T1923,0.33545408952646216,0.0,0.664545910473538
s15T1923,0.6261584482909226,0.0,0.37384155170907746
s05M2023,0.8208261108847981,0.01600888827875414,0.1631650008364478
s06M2023,0.7836526306395919,0.013534289045003652,0.20281308031540443
s07M2023,0.6963820573191176,0.02503937475712841,0.27857856792375396
s08M2023,0.0,0.0,1.0
s09M2023,0.009300866997238626,0.0,0.9906991330027615
s10M2023,0.050941305625215275,0.0,0.9490586943747847
s11M2023,0.060460377642691944,0.0,0.9395396223573081
s12M2023,0.19397993150118178,0.0,0.8060200684988181
s13M2023,0.24997612518274048,0.0,0.7500238748172594
s14M2023,0.2767707259495559,0.0,0.7232292740504441
s15M2023,0.6508006351744601,0.0,0.3491993648255399
s01X2023,0.816076008592061,0.04571325566905458,0.13821073573888457
